StartDate,EndDate,Status,IPAddress,Progress,Duration (in seconds),Finished,RecordedDate,ResponseId,RecipientLastName,RecipientFirstName,RecipientEmail,ExternalReference,LocationLatitude,LocationLongitude,DistributionChannel,UserLanguage,Q1,Q2_Browser,Q2_Version,Q2_Operating System,Q2_Resolution,Control1_First Click,Control1_Last Click,Control1_Page Submit,Control1_Click Count,V1Q_First Click,V1Q_Last Click,V1Q_Page Submit,V1Q_Click Count,V2Q_First Click,V2Q_Last Click,V2Q_Page Submit,V2Q_Click Count,V3Q_First Click,V3Q_Last Click,V3Q_Page Submit,V3Q_Click Count,V4Q_First Click,V4Q_Last Click,V4Q_Page Submit,V4Q_Click Count,R1Q_First Click,R1Q_Last Click,R1Q_Page Submit,R1Q_Click Count,R2Q_First Click,R2Q_Last Click,R2Q_Page Submit,R2Q_Click Count,R3Q_First Click,R3Q_Last Click,R3Q_Page Submit,R3Q_Click Count,R4Q_First Click,R4Q_Last Click,R4Q_Page Submit,R4Q_Click Count,Hunt Choice,Weakest Link Choice
Start Date,End Date,Response Type,IP Address,Progress,Duration (in seconds),Finished,Recorded Date,Response ID,Recipient Last Name,Recipient First Name,Recipient Email,External Data Reference,Location Latitude,Location Longitude,Distribution Channel,User Language,What is your Prolific ID,Click to write the question text - Browser,Click to write the question text - Version,Click to write the question text - Operating System,Click to write the question text - Resolution,Timing - First Click,Timing - Last Click,Timing - Page Submit,Timing - Click Count,Timing - First Click,Timing - Last Click,Timing - Page Submit,Timing - Click Count,Timing - First Click,Timing - Last Click,Timing - Page Submit,Timing - Click Count,Timing - First Click,Timing - Last Click,Timing - Page Submit,Timing - Click Count,Timing - First Click,Timing - Last Click,Timing - Page Submit,Timing - Click Count,Timing - First Click,Timing - Last Click,Timing - Page Submit,Timing - Click Count,Timing - First Click,Timing - Last Click,Timing - Page Submit,Timing - Click Count,Timing - First Click,Timing - Last Click,Timing - Page Submit,Timing - Click Count,Timing - First Click,Timing - Last Click,Timing - Page Submit,Timing - Click Count,Which choice do you make for this game?,Which choice do you make for this game?
"{""ImportId"":""startDate"",""timeZone"":""America/Denver""}","{""ImportId"":""endDate"",""timeZone"":""America/Denver""}","{""ImportId"":""status""}","{""ImportId"":""ipAddress""}","{""ImportId"":""progress""}","{""ImportId"":""duration""}","{""ImportId"":""finished""}","{""ImportId"":""recordedDate"",""timeZone"":""America/Denver""}","{""ImportId"":""_recordId""}","{""ImportId"":""recipientLastName""}","{""ImportId"":""recipientFirstName""}","{""ImportId"":""recipientEmail""}","{""ImportId"":""externalDataReference""}","{""ImportId"":""locationLatitude""}","{""ImportId"":""locationLongitude""}","{""ImportId"":""distributionChannel""}","{""ImportId"":""userLanguage""}","{""ImportId"":""QID1_TEXT""}","{""ImportId"":""QID14_BROWSER""}","{""ImportId"":""QID14_VERSION""}","{""ImportId"":""QID14_OS""}","{""ImportId"":""QID14_RESOLUTION""}","{""ImportId"":""QID21_FIRST_CLICK""}","{""ImportId"":""QID21_LAST_CLICK""}","{""ImportId"":""QID21_PAGE_SUBMIT""}","{""ImportId"":""QID21_CLICK_COUNT""}","{""ImportId"":""QID20_FIRST_CLICK""}","{""ImportId"":""QID20_LAST_CLICK""}","{""ImportId"":""QID20_PAGE_SUBMIT""}","{""ImportId"":""QID20_CLICK_COUNT""}","{""ImportId"":""QID22_FIRST_CLICK""}","{""ImportId"":""QID22_LAST_CLICK""}","{""ImportId"":""QID22_PAGE_SUBMIT""}","{""ImportId"":""QID22_CLICK_COUNT""}","{""ImportId"":""QID23_FIRST_CLICK""}","{""ImportId"":""QID23_LAST_CLICK""}","{""ImportId"":""QID23_PAGE_SUBMIT""}","{""ImportId"":""QID23_CLICK_COUNT""}","{""ImportId"":""QID24_FIRST_CLICK""}","{""ImportId"":""QID24_LAST_CLICK""}","{""ImportId"":""QID24_PAGE_SUBMIT""}","{""ImportId"":""QID24_CLICK_COUNT""}","{""ImportId"":""QID25_FIRST_CLICK""}","{""ImportId"":""QID25_LAST_CLICK""}","{""ImportId"":""QID25_PAGE_SUBMIT""}","{""ImportId"":""QID25_CLICK_COUNT""}","{""ImportId"":""QID26_FIRST_CLICK""}","{""ImportId"":""QID26_LAST_CLICK""}","{""ImportId"":""QID26_PAGE_SUBMIT""}","{""ImportId"":""QID26_CLICK_COUNT""}","{""ImportId"":""QID27_FIRST_CLICK""}","{""ImportId"":""QID27_LAST_CLICK""}","{""ImportId"":""QID27_PAGE_SUBMIT""}","{""ImportId"":""QID27_CLICK_COUNT""}","{""ImportId"":""QID28_FIRST_CLICK""}","{""ImportId"":""QID28_LAST_CLICK""}","{""ImportId"":""QID28_PAGE_SUBMIT""}","{""ImportId"":""QID28_CLICK_COUNT""}","{""ImportId"":""QID16""}","{""ImportId"":""QID18""}"
2023-11-28 18:24:54,2023-11-28 18:25:24,Survey Preview,,100,30,True,2023-11-28 18:25:25,R_1H5C8vATGRWwZBo,,,,,34.1424,-118.1257,preview,EN,TIMEQUESTION,Chrome,118.0.0.0,Macintosh,1440x900,,,,,,,,,,,,,,,,,3.684,8.201,11.743,9,,,,,,,,,,,,,,,,,Hunt stag,2
2023-11-28 18:27:44,2023-11-28 18:28:10,Survey Preview,,100,26,True,2023-11-28 18:28:11,R_1QgZWQkPMI9vck7,,,,,34.1424,-118.1257,preview,EN,Jon Yang 2,Chrome,119.0.0.0,Macintosh,1440x900,,,,,,,,,,,,,3.778,6.411,10.885,3,,,,,,,,,,,,,,,,,,,,,Hunt stag,4
2023-11-28 18:31:32,2023-11-28 18:31:49,Survey Preview,,100,16,True,2023-11-28 18:31:50,R_1KoIuEef5boSlHk,,,,,34.1424,-118.1257,preview,EN,xander,Chrome,119.0.0.0,Macintosh,1440x900,,,,,,,,,,,,,,,,,,,,,,,,,0,0,1.519,0,,,,,,,,,Hunt stag,7
2023-11-28 18:32:58,2023-11-28 18:33:27,IP Address,131.215.220.163,100,29,True,2023-11-28 18:33:28,R_3kGGiIRjDVigp0w,,,,,34.1424,-118.1257,anonymous,EN,test1,Chrome,119.0.0.0,Macintosh,1440x900,3.17,3.17,3.874,1,,,,,,,,,,,,,,,,,,,,,,,,,,,,,,,,,Hunt stag,4
2023-11-28 18:44:25,2023-11-28 18:48:16,IP Address,76.20.250.22,100,230,True,2023-11-28 18:48:17,R_1Q0eNAoCiEfkPVb,,,,,33.7657,-84.2951,anonymous,EN,65649536de378d6c36a6266b,Chrome,119.0.0.0,Macintosh,1440x900,,,,,,,,,,,,,,,,,,,,,,,,,,,,,0,0,29.39,0,,,,,Hunt stag,4
2023-11-28 18:45:20,2023-11-28 18:48:40,IP Address,97.116.0.185,100,200,True,2023-11-28 18:48:41,R_1PYRJQj6ApBxJh8,,,,,44.9399,-93.2548,anonymous,EN,57a8abb3dcff7d0001c7d5a3,Chrome,119.0.0.0,Windows NT 10.0,1504x1003,,,,,,,,,,,,,54.972,54.972,55.936,1,,,,,,,,,,,,,,,,,,,,,Hunt stag,7
2023-11-28 18:51:48,2023-11-28 18:53:33,IP Address,24.107.152.79,100,104,True,2023-11-28 18:53:33,R_3PsJXHiMvsq92ny,,,,,38.6287,-90.1988,anonymous,EN,5589a309fdf99b7ae5007c33,Firefox,115.0,Windows NT 6.1,1920x1080,,,,,,,,,0,0,36.188,0,,,,,,,,,,,,,,,,,,,,,,,,,Hunt stag,7
2023-11-28 18:51:52,2023-11-28 18:54:39,IP Address,73.242.36.65,100,167,True,2023-11-28 18:54:40,R_3qX2qFqZpTuDoX9,,,,,45.0451,-93.9156,anonymous,EN,5bb9f9dad5330e000101a241,Chrome,109.0.0.0,Windows NT 10.0,1366x768,,,,,,,,,,,,,,,,,0,0,36.064,0,,,,,,,,,,,,,,,,,Hunt hare,1
2023-11-28 18:53:37,2023-11-28 18:55:40,IP Address,184.182.78.190,100,122,True,2023-11-28 18:55:41,R_Abn6HEWbYrdE6Ih,,,,,36.175,-115.1372,anonymous,EN,5bbe58e22b131d000183c317,Chrome,119.0.0.0,Windows NT 10.0,2195x1235,0,0,1.19,0,,,,,,,,,,,,,,,,,,,,,,,,,,,,,,,,,Hunt stag,1
2023-11-28 18:56:08,2023-11-28 18:57:30,IP Address,66.57.194.163,100,82,True,2023-11-28 18:57:31,R_2B53iyOvcD1yYfP,,,,,35.7802,-78.4861,anonymous,EN,60ff723ca9d36734a272bd17,Edge,118.0.2088.57,Windows NT 10.0,1366x768,,,,,,,,,,,,,,,,,,,,,0,0,3.709,0,,,,,,,,,,,,,Hunt hare,7
2023-11-28 18:53:07,2023-11-28 18:58:12,IP Address,73.44.26.192,100,304,True,2023-11-28 18:58:12,R_2pLU43LWFaO3dRF,,,,,41.8502,-87.6736,anonymous,EN,6519add4907624469d5f1635,Firefox,120.0,Windows NT 10.0,1366x768,,,,,,,,,,,,,,,,,,,,,,,,,,,,,,,,,0,0,47.64,0,Hunt stag,1
2023-11-28 18:55:35,2023-11-28 18:58:36,IP Address,47.183.197.189,100,180,True,2023-11-28 18:58:37,R_2xKRRDEwGb7bK5d,,,,,32.9993,-96.8346,anonymous,EN,63d9e6b07d98353f362f023f,Chrome,119.0.0.0,Android 10,412x915,,,,,47.332,47.332,50.701,1,,,,,,,,,,,,,,,,,,,,,,,,,,,,,Hunt stag,7
2023-11-28 18:57:45,2023-11-28 19:00:02,IP Address,68.105.88.251,100,137,True,2023-11-28 19:00:03,R_1nNhpiN0pyD2fXA,,,,,33.2977,-117.1916,anonymous,EN,63fad8b20e532757a496f7f5,Chrome,119.0.0.0,Windows NT 10.0,1440x2560,,,,,0,0,42.727,0,,,,,,,,,,,,,,,,,,,,,,,,,,,,,Hunt stag,7
2023-11-28 18:58:22,2023-11-28 19:01:20,IP Address,24.21.183.140,100,178,True,2023-11-28 19:01:21,R_6szi7FvpFwWfvxv,,,,,45.3716,-122.7656,anonymous,EN,65047b2a7db823fd627efad7,Chrome,119.0.0.0,Windows NT 10.0,1728x1080,,,,,,,,,0,0,41.817,0,,,,,,,,,,,,,,,,,,,,,,,,,Hunt stag,4
2023-11-28 19:01:15,2023-11-28 19:03:40,IP Address,107.115.29.70,100,145,True,2023-11-28 19:03:41,R_1dKUCfMXJRo8DHw,,,,,37.7047,-122.1245,anonymous,EN,59c9cda80aaf750001213e00,Chrome,115.0.0.0,Android 14,384x824,,,,,,,,,,,,,,,,,,,,,,,,,,,,,3.229,7.712,11.317,6,,,,,Hunt stag,1
2023-11-28 18:59:49,2023-11-28 19:03:53,IP Address,184.90.137.42,100,243,True,2023-11-28 19:03:53,R_1jiAZfpDVjwGhyM,,,,,28.7115,-81.5135,anonymous,EN,64136140e1cce438bf993257,Chrome,119.0.0.0,Windows NT 10.0,1600x900,,,,,,,,,,,,,,,,,0,0,49.883,0,,,,,,,,,,,,,,,,,Hunt hare,1
2023-11-28 19:02:05,2023-11-28 19:04:34,IP Address,104.33.210.168,100,148,True,2023-11-28 19:04:34,R_3p3bwfOJFMHnKSP,,,,,34.1554,-118.5957,anonymous,EN,5f3e31e2769ffb267b9d1a24,Chrome,119.0.0.0,Macintosh,2240x1260,,,,,,,,,,,,,,,,,,,,,,,,,,,,,,,,,0,0,12.563,0,Hunt hare,7
2023-11-28 19:02:49,2023-11-28 19:04:58,IP Address,104.175.192.34,100,129,True,2023-11-28 19:04:59,R_27qcM9PsObvBFB4,,,,,34.0123,-118.3757,anonymous,EN,614e497939b9b53a6013f7b0,Safari iPhone,17.0.1,iPhone,414x736,,,,,,,,,,,,,,,,,,,,,2.988,11.894,14.4,5,,,,,,,,,,,,,Hunt hare,3
2023-11-28 19:02:55,2023-11-28 19:05:11,IP Address,100.1.110.212,100,135,True,2023-11-28 19:05:11,R_2QLFsWU8yMTMxAI,,,,,40.8823,-74.2152,anonymous,EN,5e8c0ebdcd34af1040492ef8,Chrome,119.0.0.0,Windows NT 10.0,1366x768,0,0,1.085,0,,,,,,,,,,,,,,,,,,,,,,,,,,,,,,,,,Hunt hare,1
2023-11-28 19:02:27,2023-11-28 19:05:51,IP Address,65.191.67.155,100,203,True,2023-11-28 19:05:51,R_2V3ItzlvU4oAoOC,,,,,34.9004,-79.1846,anonymous,EN,656641400551b87c721e6fc3,Safari,15.6.1,Macintosh,810x1080,,,,,,,,,,,,,,,,,,,,,,,,,13.616,13.616,16.388,1,,,,,,,,,Hunt hare,5
2023-11-28 19:03:39,2023-11-28 19:06:00,IP Address,172.56.105.161,100,140,True,2023-11-28 19:06:00,R_1FkzgVXZlWOAoVG,,,,,47.4467,-122.2684,anonymous,EN,57db16a1a4e40600014e9040,Chrome iPhone,119.0.6045.169,iPhone,390x844,,,,,,,,,,,,,0,0,52.881,0,,,,,,,,,,,,,,,,,,,,,Hunt stag,6
2023-11-28 18:57:03,2023-11-28 19:07:04,IP Address,172.56.153.17,100,600,True,2023-11-28 19:07:04,R_2v8p37Vjv5vAzd1,,,,,45.5375,-122.5989,anonymous,EN,5ff501a5c92b36cd57eb1bc1,Chrome,119.0.0.0,Android 10,360x780,,,,,,,,,,,,,,,,,,,,,,,,,13.867,34.682,35.581,3,,,,,,,,,Hunt stag,7
2023-11-28 19:05:56,2023-11-28 19:08:12,IP Address,71.224.123.95,100,135,True,2023-11-28 19:08:13,R_3szZ4m9ONsjnuQR,,,,,40.3033,-75.5977,anonymous,EN,5c3fe471d5af20000171dcbc,Safari iPhone,17.1,iPhone,414x896,,,,,12.561,12.561,43.183,1,,,,,,,,,,,,,,,,,,,,,,,,,,,,,Hunt stag,7
2023-11-28 19:06:52,2023-11-28 19:08:22,IP Address,160.2.104.196,100,89,True,2023-11-28 19:08:22,R_2uyqyBz4NtNE0Kz,,,,,43.5885,-116.1918,anonymous,EN,6533e310e09ad32adda79f77,Chrome,119.0.0.0,Android 10,360x800,,,,,,,,,0,0,39.173,0,,,,,,,,,,,,,,,,,,,,,,,,,Hunt stag,7
2023-11-28 19:06:56,2023-11-28 19:08:41,IP Address,72.80.155.174,100,104,True,2023-11-28 19:08:41,R_zVlcV461xJokfpT,,,,,40.6877,-73.9267,anonymous,EN,63d14652689d5918c3efdb81,Chrome,119.0.0.0,Android 10,360x772,,,,,,,,,,,,,,,,,,,,,,,,,,,,,1.783,12.424,20.779,7,,,,,Hunt stag,7
2023-11-28 19:08:37,2023-11-28 19:10:20,IP Address,74.133.14.226,100,102,True,2023-11-28 19:10:21,R_72mkrDyFoknODoR,,,,,39.8722,-82.0935,anonymous,EN,5ec446f8ec26b7323a065827,Chrome,119.0.0.0,Windows NT 10.0,1920x1080,,,,,,,,,,,,,,,,,,,,,,,,,,,,,,,,,0,0,7.312,0,Hunt stag,7
2023-11-28 19:09:11,2023-11-28 19:10:32,IP Address,172.56.112.34,100,80,True,2023-11-28 19:10:32,R_2uvARhESWLV9hL8,,,,,41.8578,-71.4377,anonymous,EN,654910750fecaf3485187277,Chrome,119.0.0.0,Android 10,360x780,,,,,,,,,,,,,,,,,,,,,,,,,,,,,4.417,12.258,12.925,8,,,,,Hunt hare,1
2023-11-28 19:09:16,2023-11-28 19:10:37,IP Address,45.23.230.69,100,81,True,2023-11-28 19:10:38,R_2U4y3g4HKW2GW3q,,,,,35.9819,-84.0019,anonymous,EN,63ec520278bcbfb9522a7c84,Opera,104.0.0.0,Windows NT 10.0,1920x1080,,,,,,,,,,,,,,,,,,,,,,,,,,,,,,,,,0,0,0.984,0,Hunt stag,5
2023-11-28 19:08:40,2023-11-28 19:10:39,IP Address,67.197.207.234,100,119,True,2023-11-28 19:10:40,R_2WD99m6FG0Cblpb,,,,,34.9672,-81.0491,anonymous,EN,6315a6e79ee2ce17a350a08a,Chrome,119.0.0.0,Windows NT 10.0,2568x1301,,,,,,,,,,,,,,,,,0,0,34.809,0,,,,,,,,,,,,,,,,,Hunt hare,1
2023-11-28 19:06:49,2023-11-28 19:10:51,IP Address,50.27.238.252,100,241,True,2023-11-28 19:10:51,R_27Ih4x8IDBTCZ4W,,,,,39.7879,-94.8029,anonymous,EN,60d905d968d5d28e18ee58a1,Edge,119.0.0.0,Windows NT 10.0,1920x1080,,,,,,,,,,,,,,,,,,,,,0,0,77.792,0,,,,,,,,,,,,,Hunt stag,4
2023-11-28 19:07:10,2023-11-28 19:11:22,IP Address,65.60.153.5,100,251,True,2023-11-28 19:11:23,R_1gFOT5LaWoj4Mjo,,,,,40.0337,-83.1319,anonymous,EN,5e3461bd8ec4fc0230fef43a,Chrome,118.0.0.0,CrOS x86_64 14541.0.0,1536x864,,,,,,,,,,,,,,,,,,,,,,,,,0,0,23.931,0,,,,,,,,,Hunt stag,7
2023-11-28 19:10:12,2023-11-28 19:11:28,IP Address,166.194.188.35,100,76,True,2023-11-28 19:11:28,R_1rpRbxuZk3t6WeD,,,,,40.7064,-73.9473,anonymous,EN,6565f8765ec125a5ff77a5ba,Chrome,115.0.0.0,Android 14,385x824,,,,,,,,,,,,,,,,,,,,,,,,,0.828,0.828,1.753,1,,,,,,,,,Hunt stag,7
2023-11-28 19:09:05,2023-11-28 19:11:33,IP Address,206.171.14.215,100,147,True,2023-11-28 19:11:34,R_2AHzHRfy9BfOvsF,,,,,42.354,-87.8675,anonymous,EN,62d9905bbaae7f1e0113c6e6,Edge,119.0.0.0,Windows NT 10.0,1536x1024,0,0,2.081,0,,,,,,,,,,,,,,,,,,,,,,,,,,,,,,,,,Hunt stag,1
2023-11-28 19:08:33,2023-11-28 19:11:43,IP Address,67.4.227.118,100,190,True,2023-11-28 19:11:44,R_3PYTrOAdep0Jo6N,,,,,44.9005,-93.2885,anonymous,EN,5eb52896e034073a7b8aa981,Chrome,119.0.0.0,Windows NT 10.0,1920x1080,,,,,,,,,,,,,0,0,48.464,0,,,,,,,,,,,,,,,,,,,,,Hunt stag,5
2023-11-28 19:09:39,2023-11-28 19:11:54,IP Address,104.180.221.154,100,134,True,2023-11-28 19:11:54,R_1jI0AEncOojKdZH,,,,,32.3046,-89.9622,anonymous,EN,5caf87816ef0d100017611c4,Chrome,119.0.0.0,Macintosh,1920x1080,,,,,,,,,,,,,,,,,,,,,0,0,17.961,0,,,,,,,,,,,,,Hunt hare,1
2023-11-28 19:09:12,2023-11-28 19:11:55,IP Address,96.246.137.13,100,163,True,2023-11-28 19:11:55,R_2Sp1rI1jA74AnDg,,,,,41.145,-73.8314,anonymous,EN,5f9b597effdbc2383f50e42f,Chrome,119.0.0.0,Windows NT 10.0,1920x1200,,,,,,,,,,,,,,,,,0,0,35.9,0,,,,,,,,,,,,,,,,,Hunt stag,5
2023-11-28 19:10:26,2023-11-28 19:12:59,IP Address,174.247.1.226,100,153,True,2023-11-28 19:13:00,R_tR4LRpYdF7faaIN,,,,,35.2316,-80.8428,anonymous,EN,6131801c70f5f49c3bdf7010,Chrome,119.0.0.0,Android 10,412x915,,,,,,,,,,,,,0,0,50.696,0,,,,,,,,,,,,,,,,,,,,,Hunt stag,5
2023-11-28 19:09:51,2023-11-28 19:13:09,IP Address,75.67.6.8,100,197,True,2023-11-28 19:13:09,R_2TUfRb1caKAgrEb,,,,,42.1292,-70.9134,anonymous,EN,5dcdd7bf324a3d0a6c24b608,Chrome,119.0.0.0,Windows NT 10.0,1536x864,0,0,1.387,0,,,,,,,,,,,,,,,,,,,,,,,,,,,,,,,,,Hunt hare,7
2023-11-28 19:10:15,2023-11-28 19:13:41,IP Address,172.56.225.213,100,205,True,2023-11-28 19:13:41,R_1NwBkzoYVqsD8Hp,,,,,33.5017,-86.8803,anonymous,EN,6339d248a31798529a8cf2e4,Chrome,119.0.0.0,Windows NT 10.0,1536x864,,,,,,,,,,,,,,,,,,,,,,,,,0,0,85.507,0,,,,,,,,,Hunt hare,7
2023-11-28 19:11:10,2023-11-28 19:13:54,IP Address,74.102.197.162,100,163,True,2023-11-28 19:13:54,R_2QrgU4GG8YB0eL3,,,,,40.7938,-74.4878,anonymous,EN,614e16566e663a5e419d606d,Firefox,120.0,Windows NT 10.0,1600x900,,,,,,,,,0,0,39.674,0,,,,,,,,,,,,,,,,,,,,,,,,,Hunt stag,6
2023-11-28 19:10:15,2023-11-28 19:13:55,IP Address,24.46.9.110,100,219,True,2023-11-28 19:13:55,R_2fepG48wFxoGmG4,,,,,41.328,-74.1894,anonymous,EN,60ebbdd7a4f2acdb9a9769e5,Chrome,119.0.0.0,Windows NT 10.0,1280x720,,,,,1.973,14.413,46.965,4,,,,,,,,,,,,,,,,,,,,,,,,,,,,,Hunt stag,7
2023-11-28 19:11:19,2023-11-28 19:14:01,IP Address,97.149.74.128,100,162,True,2023-11-28 19:14:02,R_1DHjxtR73ENcRcI,,,,,37.751,-97.822,anonymous,EN,617612aa86abe09e0c69b7f2,Chrome,119.0.0.0,Windows NT 10.0,1280x720,,,,,,,,,,,,,,,,,,,,,21.786,21.786,25.35,1,,,,,,,,,,,,,Hunt stag,6
2023-11-28 19:11:23,2023-11-28 19:14:09,IP Address,47.155.193.79,100,165,True,2023-11-28 19:14:10,R_1g7KOL7FGIagSel,,,,,33.7518,-117.9932,anonymous,EN,5928b05e590f0b000126edb8,Firefox,120.0,Windows NT 10.0,1440x810,,,,,0,0,42.502,0,,,,,,,,,,,,,,,,,,,,,,,,,,,,,Hunt stag,7
2023-11-28 19:12:42,2023-11-28 19:14:10,IP Address,173.72.53.204,100,87,True,2023-11-28 19:14:10,R_1pS7aaK6s73KxOu,,,,,39.8461,-75.2044,anonymous,EN,5e89533c4d3d675e800bfc7c,Chrome,119.0.0.0,Windows NT 10.0,2560x1440,,,,,,,,,,,,,,,,,45.296,45.296,45.566,1,,,,,,,,,,,,,,,,,Hunt stag,7
2023-11-28 19:12:15,2023-11-28 19:14:10,IP Address,173.233.113.138,100,115,True,2023-11-28 19:14:11,R_2eOTB1zzIcCWWxg,,,,,33.6183,-80.2126,anonymous,EN,63d7afc5862cf407d8462372,Opera,104.0.0.0,Windows NT 10.0,1920x1080,,,,,,,,,0,0,37.242,0,,,,,,,,,,,,,,,,,,,,,,,,,Hunt stag,3
2023-11-28 19:12:42,2023-11-28 19:14:16,IP Address,108.206.121.253,100,94,True,2023-11-28 19:14:17,R_2yjBgTT68CyBng1,,,,,32.8548,-97.0819,anonymous,EN,612597436eff2c3e15310f3f,Firefox,120.0,Windows NT 10.0,1536x864,,,,,,,,,,,,,,,,,41.608,41.608,43.14,1,,,,,,,,,,,,,,,,,Hunt stag,3
2023-11-28 19:11:24,2023-11-28 19:14:35,IP Address,99.7.177.216,100,191,True,2023-11-28 19:14:36,R_2Qggyei87Ptl7Xb,,,,,32.4278,-84.954,anonymous,EN,60ff83da6b1bee23abb427a4,Chrome,119.0.0.0,Macintosh,1680x1050,,,,,,,,,,,,,0,0,63.123,0,,,,,,,,,,,,,,,,,,,,,Hunt stag,1
2023-11-28 19:12:39,2023-11-28 19:15:04,IP Address,98.36.226.58,100,145,True,2023-11-28 19:15:05,R_1Q3IoALTFKydoHc,,,,,38.596,-121.2127,anonymous,EN,5bd0d9bf25db7b0001786a5b,Firefox,120.0,Windows NT 10.0,1536x864,0,0,2.321,0,,,,,,,,,,,,,,,,,,,,,,,,,,,,,,,,,Hunt stag,7
2023-11-28 19:13:26,2023-11-28 19:16:26,IP Address,76.33.143.106,100,179,True,2023-11-28 19:16:26,R_2EzvzDjQ3ZxfGxv,,,,,34.0308,-118.473,anonymous,EN,62a2832342dd3f99e7cd6822,Chrome,116.0.0.0,Macintosh,1920x1080,,,,,0,0,49.476,0,,,,,,,,,,,,,,,,,,,,,,,,,,,,,Hunt stag,1
2023-11-28 19:14:26,2023-11-28 19:16:46,IP Address,69.120.156.166,100,140,True,2023-11-28 19:16:46,R_3fcsJOrxTBTeTso,,,,,40.7424,-74.0325,anonymous,EN,5e387f2c0d70ef099d5e5a4f,Chrome,119.0.0.0,Windows NT 10.0,1504x1003,,,,,,,,,,,,,,,,,,,,,,,,,,,,,26.716,26.716,28.399,1,,,,,Hunt stag,7
2023-11-28 19:12:56,2023-11-28 19:16:59,IP Address,70.189.158.243,100,242,True,2023-11-28 19:16:59,R_3rINEyhow9PF3FL,,,,,35.9978,-114.9592,anonymous,EN,64d53f3f9885e325d957590d,Firefox,120.0,Windows NT 10.0,1366x768,,,,,,,,,,,,,63.253,63.253,64.686,1,,,,,,,,,,,,,,,,,,,,,Hunt stag,7
2023-11-28 19:15:02,2023-11-28 19:17:28,IP Address,45.24.172.146,100,146,True,2023-11-28 19:17:28,R_3D0gsUMygOeMgsA,,,,,32.4823,-93.7332,anonymous,EN,63d414f95753ac660a9e09e1,Chrome,119.0.0.0,Windows NT 10.0,1366x768,,,,,,,,,,,,,,,,,,,,,,,,,,,,,,,,,0,0,9.015,0,Hunt stag,7
2023-11-28 19:14:25,2023-11-28 19:17:40,IP Address,71.120.227.106,100,195,True,2023-11-28 19:17:41,R_ypSqQzMkOJFlBSh,,,,,36.8558,-76.0042,anonymous,EN,5e0777b6814bba1033f6a396,Chrome,119.0.0.0,Windows NT 10.0,1920x1080,,,,,,,,,,,,,,,,,,,,,0,0,23.029,0,,,,,,,,,,,,,Hunt hare,7
2023-11-28 19:15:21,2023-11-28 19:17:42,IP Address,107.199.203.38,100,140,True,2023-11-28 19:17:43,R_22VXTJT05c4FHNi,,,,,37.7201,-122.4414,anonymous,EN,5cfc4af8a224000001675ec8,Chrome,119.0.0.0,Windows NT 10.0,3072x1728,,,,,0,0,47.011,0,,,,,,,,,,,,,,,,,,,,,,,,,,,,,Hunt stag,6
2023-11-28 19:13:10,2023-11-28 19:17:44,IP Address,99.36.0.142,100,273,True,2023-11-28 19:17:44,R_1Hc0kkbB0PILRSc,,,,,33.1794,-96.9538,anonymous,EN,5ca999aacf827100165119f4,Chrome,119.0.0.0,Windows NT 10.0,1920x1080,,,,,,,,,,,,,,,,,,,,,,,,,,,,,4.777,49.17,49.681,2,,,,,Hunt stag,5
2023-11-28 19:16:04,2023-11-28 19:18:07,IP Address,98.216.154.66,100,123,True,2023-11-28 19:18:08,R_3e8Mzqn4way2OKB,,,,,43.6722,-72.3813,anonymous,EN,63d13b2074bde4460ac2df59,Chrome,119.0.0.0,Macintosh,1728x1117,0,0,1.074,0,,,,,,,,,,,,,,,,,,,,,,,,,,,,,,,,,Hunt hare,7
2023-11-28 19:16:10,2023-11-28 19:18:27,IP Address,69.115.125.209,100,136,True,2023-11-28 19:18:27,R_297fhHp8Jnyzc9H,,,,,40.8462,-74.7056,anonymous,EN,615d8e3f00998e6ea25548f7,Chrome,119.0.0.0,Android 10,412x915,,,,,,,,,,,,,0,0,50.038,0,,,,,,,,,,,,,,,,,,,,,Hunt stag,4
2023-11-28 19:16:08,2023-11-28 19:18:28,IP Address,108.20.124.181,100,140,True,2023-11-28 19:18:29,R_3L7IU7ouUDVSn3d,,,,,42.2803,-71.25,anonymous,EN,61095cf850b50fc3ae2ee248,Chrome,118.0.0.0,Macintosh,1470x956,,,,,,,,,,,,,0,0,54.173,0,,,,,,,,,,,,,,,,,,,,,Hunt hare,7
2023-11-28 19:16:43,2023-11-28 19:18:37,IP Address,24.20.9.77,100,113,True,2023-11-28 19:18:37,R_2q31pH3IuEJMUvX,,,,,45.4805,-122.6363,anonymous,EN,6562a8836e59ef440f007229,Safari iPhone,16.6,iPhone,393x852,,,,,,,,,,,,,,,,,,,,,8.317,8.317,14.642,1,,,,,,,,,,,,,Hunt stag,7
2023-11-28 19:16:56,2023-11-28 19:19:03,IP Address,76.34.89.142,100,126,True,2023-11-28 19:19:03,R_YStqMc7Ct8KpNTj,,,,,39.9758,-83.12,anonymous,EN,CZ3PJDOH,Safari iPhone,17.1.1,iPhone,390x844,,,,,,,,,1.388,1.405,41.312,2,,,,,,,,,,,,,,,,,,,,,,,,,Hunt stag,4
2023-11-28 19:17:11,2023-11-28 19:19:27,IP Address,72.48.32.24,100,135,True,2023-11-28 19:19:27,R_1QaYDxqGVxk1r83,,,,,31.0682,-97.392,anonymous,EN,5e3a058510f1a622d69d2881,Chrome,119.0.0.0,Macintosh,1920x1080,,,,,,,,,,,,,,,,,,,,,,,,,0,0,18.766,0,,,,,,,,,Hunt hare,1
2023-11-28 19:14:44,2023-11-28 19:19:29,IP Address,162.195.124.126,100,284,True,2023-11-28 19:19:29,R_3LdaJV72Svz7JU5,,,,,34.0544,-118.244,anonymous,EN,5ab983a39534ba0001c6c342,Chrome,119.0.0.0,Android 10,1280x800,0,0,3.001,0,,,,,,,,,,,,,,,,,,,,,,,,,,,,,,,,,Hunt stag,7
2023-11-28 19:16:25,2023-11-28 19:19:38,IP Address,108.235.36.112,100,192,True,2023-11-28 19:19:38,R_2TAhbfsY4uXcZK7,,,,,34.0651,-81.0281,anonymous,EN,65602b114d91f764e2a42ec2,Chrome,119.0.0.0,Windows NT 10.0,1280x720,,,,,,,,,,,,,,,,,0,0,39.567,0,,,,,,,,,,,,,,,,,Hunt stag,7
2023-11-28 19:13:05,2023-11-28 19:19:42,IP Address,68.0.26.10,100,396,True,2023-11-28 19:19:42,R_31mHjP6pYaThIAD,,,,,36.8566,-75.9832,anonymous,EN,633e64bfaab0e4bed6e5307d,Chrome,119.0.0.0,Windows NT 10.0,1920x1080,,,,,,,,,,,,,,,,,,,,,,,,,,,,,65.971,68.935,80.603,2,,,,,Hunt hare,7
2023-11-28 19:18:09,2023-11-28 19:19:46,IP Address,172.56.184.139,100,96,True,2023-11-28 19:19:46,R_2t6o6t1OQ7coOvn,,,,,33.8055,-117.9223,anonymous,EN,6564e143b65aad826f6cdf7a,Chrome,119.0.0.0,Windows NT 10.0,1709x923,,,,,,,,,,,,,,,,,,,,,,,,,0,0,2.41,0,,,,,,,,,Hunt stag,4
2023-11-28 19:16:35,2023-11-28 19:19:46,IP Address,174.176.143.143,100,190,True,2023-11-28 19:19:47,R_oZzNEVfgwnChRUB,,,,,25.9972,-80.3259,anonymous,EN,642e10f11d857b6e6bf20522,Chrome,119.0.0.0,Windows NT 10.0,1536x864,,,,,,,,,,,,,,,,,,,,,,,,,,,,,,,,,4.268,4.268,6.78,1,Hunt stag,7
2023-11-28 19:16:50,2023-11-28 19:19:51,IP Address,71.36.106.151,100,181,True,2023-11-28 19:19:51,R_Ubu4jP3bS1jW7BL,,,,,45.5472,-122.6417,anonymous,EN,5dc36b196c76b327ca120b23,Chrome,119.0.0.0,Windows NT 10.0,1920x1080,,,,,,,,,,,,,,,,,,,,,,,,,,,,,0,0,28.18,0,,,,,Hunt stag,7
2023-11-28 19:17:42,2023-11-28 19:19:52,IP Address,35.3.22.201,100,130,True,2023-11-28 19:19:53,R_bkZrLlJvAlLzAKl,,,,,42.3068,-83.7059,anonymous,EN,5f00aaa0b864761ce8828d1e,Chrome iPhone,119.0.6045.169,iPhone,390x844,,,,,,,,,,,,,,,,,,,,,,,,,,,,,1.915,8.497,10.606,4,,,,,Hunt stag,4
2023-11-28 19:16:27,2023-11-28 19:20:05,IP Address,72.207.93.26,100,217,True,2023-11-28 19:20:05,R_ptsitdJycT2P4Ix,,,,,32.7097,-117.1228,anonymous,EN,585eb4cfc34844000174d807,Chrome,119.0.0.0,Macintosh,1440x900,,,,,0,0,47.908,0,,,,,,,,,,,,,,,,,,,,,,,,,,,,,Hunt hare,4
2023-11-28 19:15:18,2023-11-28 19:20:16,IP Address,174.73.247.91,100,297,True,2023-11-28 19:20:16,R_PvxHFFRoySntSmd,,,,,33.6338,-112.2066,anonymous,EN,5686e598369319000b268e63,Chrome,119.0.0.0,Windows NT 10.0,1920x1080,,,,,,,,,,,,,,,,,,,,,,,,,0,0,36.949,0,,,,,,,,,Hunt hare,1
2023-11-28 19:11:31,2023-11-28 19:20:22,IP Address,68.34.189.8,100,530,True,2023-11-28 19:20:22,R_20Mt9rt8W5ccPcL,,,,,36.8254,-81.5391,anonymous,EN,5e65c5b41e30883349a25a61,Chrome,119.0.0.0,Windows NT 10.0,1366x768,,,,,,,,,3.289,350.692,351.958,2,,,,,,,,,,,,,,,,,,,,,,,,,Hunt stag,4
2023-11-28 19:18:08,2023-11-28 19:20:23,IP Address,192.24.217.174,100,135,True,2023-11-28 19:20:23,R_BS0NBN0YjmVU0jn,,,,,38.9924,-84.6462,anonymous,EN,60fe47b274576eb477b06e6d,Chrome,119.0.0.0,Windows NT 10.0,1920x1080,,,,,,,,,,,,,,,,,,,,,,,,,,,,,,,,,0,0,18.617,0,Hunt stag,7
2023-11-28 19:16:36,2023-11-28 19:20:46,IP Address,35.150.24.143,100,250,True,2023-11-28 19:20:46,R_3ktRyul3x1tm6Mu,,,,,32.7979,-97.3586,anonymous,EN,5f481a825080c619ea3709b0,Chrome iPhone,119.0.6045.169,iPhone,375x812,0.981,0.981,2.232,1,,,,,,,,,,,,,,,,,,,,,,,,,,,,,,,,,Hunt stag,7
2023-11-28 19:19:16,2023-11-28 19:20:50,IP Address,172.58.13.20,100,93,True,2023-11-28 19:20:50,R_8j2ZacpegBooZa1,,,,,44.9834,-93.2622,anonymous,EN,56ccf21905d469000d109a83,Chrome,119.0.0.0,Windows NT 10.0,1128x752,,,,,,,,,,,,,,,,,,,,,,,,,,,,,,,,,2.401,10.149,11.209,2,Hunt stag,4
2023-11-28 19:14:05,2023-11-28 19:20:51,IP Address,73.144.138.226,100,406,True,2023-11-28 19:20:52,R_0eLiWD70aQjE9yN,,,,,42.518,-83.1576,anonymous,EN,63e5d5659b749252fc596333,Firefox,120.0,Windows NT 10.0,1920x1080,,,,,,,,,,,,,,,,,,,,,,,,,,,,,,,,,5.279,11.309,12.587,2,Hunt stag,2
2023-11-28 19:16:09,2023-11-28 19:20:52,IP Address,172.58.126.7,100,283,True,2023-11-28 19:20:53,R_1JW2afAMe6s8eel,,,,,42.4248,-83.1951,anonymous,EN,6547e851a5ff72124cb9fb1d,Chrome,117.0.0.0,Android 10,384x857,,,,,,,,,,,,,,,,,0,0,61.808,0,,,,,,,,,,,,,,,,,Hunt hare,7
2023-11-28 19:18:44,2023-11-28 19:20:54,IP Address,24.22.53.48,100,130,True,2023-11-28 19:20:55,R_3PdTuVExxBzQqAF,,,,,45.5777,-122.6795,anonymous,EN,5f9c755c87a954121022de9e,Chrome,119.0.0.0,Macintosh,1680x1050,,,,,,,,,,,,,,,,,3.272,3.272,45.674,1,,,,,,,,,,,,,,,,,Hunt stag,4
2023-11-28 19:17:37,2023-11-28 19:21:01,IP Address,71.60.138.248,100,203,True,2023-11-28 19:21:01,R_2ZKNTwh9lMCKcls,,,,,40.2917,-79.4054,anonymous,EN,6066736bd2119d9d5f7232eb,Chrome,119.0.0.0,Windows NT 10.0,1280x720,,,,,,,,,,,,,3.02,56.736,58.073,2,,,,,,,,,,,,,,,,,,,,,Hunt stag,4
2023-11-28 19:18:00,2023-11-28 19:21:01,IP Address,68.38.37.122,100,181,True,2023-11-28 19:21:02,R_cuW7S3hiBy0FAtP,,,,,39.8335,-84.8983,anonymous,EN,654cede3e7e7f75c59cc6064,Chrome,119.0.0.0,Android 10,384x832,,,,,,,,,,,,,,,,,,,,,15.576,19.495,21.7,2,,,,,,,,,,,,,Hunt stag,7
2023-11-28 19:18:36,2023-11-28 19:21:26,IP Address,70.94.119.82,100,169,True,2023-11-28 19:21:26,R_6WlCjJZVoUgGVmp,,,,,39.1484,-94.5686,anonymous,EN,5ae634876735bd0001d7ea3f,Safari iPhone,17.0,iPhone,375x667,,,,,,,,,10.18,38.233,39.779,2,,,,,,,,,,,,,,,,,,,,,,,,,Hunt hare,3
2023-11-28 19:15:42,2023-11-28 19:21:51,IP Address,166.181.85.200,100,369,True,2023-11-28 19:21:52,R_2TXyChDtTfpWrpl,,,,,43.0382,-87.91,anonymous,EN,628eab48a8c8dc1ecec338dd,Chrome,119.0.0.0,Android 10,412x915,,,,,,,,,0,0,61.199,0,,,,,,,,,,,,,,,,,,,,,,,,,Hunt hare,7
2023-11-28 19:19:20,2023-11-28 19:21:53,IP Address,98.224.181.99,100,153,True,2023-11-28 19:21:53,R_1hKIWlKUHhwUnYk,,,,,42.6919,-83.0558,anonymous,EN,62869a1b7fff9c9a48fe6087,Chrome,119.0.0.0,Windows NT 10.0,1920x1080,,,,,,,,,0,0,44.966,0,,,,,,,,,,,,,,,,,,,,,,,,,Hunt hare,7
2023-11-28 19:20:22,2023-11-28 19:21:58,IP Address,24.211.225.36,100,96,True,2023-11-28 19:21:59,R_3NDQNwJ2NoXBNj5,,,,,35.9151,-79.0972,anonymous,EN,6014213c77aab7396ca3e5a7,Chrome,114.0.0.0,Macintosh,1440x900,0,0,1.469,0,,,,,,,,,,,,,,,,,,,,,,,,,,,,,,,,,Hunt stag,7
2023-11-28 19:19:04,2023-11-28 19:22:00,IP Address,216.218.88.78,100,176,True,2023-11-28 19:22:00,R_1GUp3beKHdTe1ja,,,,,33.9133,-80.3587,anonymous,EN,5858610a7ac7900001733bb2,Chrome,119.0.0.0,Windows NT 10.0,1280x720,0,0,1.783,0,,,,,,,,,,,,,,,,,,,,,,,,,,,,,,,,,Hunt hare,7
2023-11-28 19:19:57,2023-11-28 19:22:05,IP Address,74.76.136.253,100,128,True,2023-11-28 19:22:06,R_128Ykz9T1g4i91U,,,,,42.9339,-78.8046,anonymous,EN,5e7e94f6279cb0000a027185,Chrome,119.0.0.0,Windows NT 10.0,1366x768,,,,,1.716,11.376,40.356,2,,,,,,,,,,,,,,,,,,,,,,,,,,,,,Hunt stag,7
2023-11-28 19:14:51,2023-11-28 19:22:07,IP Address,104.218.69.2,100,435,True,2023-11-28 19:22:07,R_3oGy581j1xUWZuv,,,,,40.7597,-96.6542,anonymous,EN,5fc54a4839204604d13affd5,Edge,119.0.0.0,Windows NT 10.0,1366x768,,,,,,,,,,,,,,,,,,,,,93.136,93.136,97.246,1,,,,,,,,,,,,,Hunt stag,3
2023-11-28 19:21:18,2023-11-28 19:22:30,IP Address,98.46.46.128,100,72,True,2023-11-28 19:22:31,R_3jUNQftAXYQmhmS,,,,,41.7523,-88.0541,anonymous,EN,65661c6448e2bdf5ad2d344d,Safari,16.3,Macintosh,768x1024,0,0,1.419,0,,,,,,,,,,,,,,,,,,,,,,,,,,,,,,,,,Hunt stag,3
2023-11-28 19:17:02,2023-11-28 19:22:32,IP Address,184.100.136.42,100,329,True,2023-11-28 19:22:32,R_1mFxz89duEQC4Ns,,,,,43.8438,-88.8322,anonymous,EN,61114da844c3ebcadad75deb,Chrome,119.0.0.0,Windows NT 10.0,1366x768,,,,,5.567,51.322,53.072,2,,,,,,,,,,,,,,,,,,,,,,,,,,,,,Hunt stag,7
2023-11-28 19:19:36,2023-11-28 19:23:06,IP Address,97.100.44.24,100,209,True,2023-11-28 19:23:06,R_2zNKL16xXz4xJw2,,,,,28.6623,-81.4136,anonymous,EN,6111735eaf7cead6ae8e2b8b,Safari iPhone,16.3,iPhone,320x693,,,,,,,,,,,,,,,,,,,,,12.025,48.106,49.782,6,,,,,,,,,,,,,Hunt stag,4
2023-11-28 19:21:10,2023-11-28 19:23:06,IP Address,98.186.41.185,100,115,True,2023-11-28 19:23:06,R_1fja2IeeDOBeqwe,,,,,37.6624,-97.3156,anonymous,EN,604b9e6373c491acd8aec923,Chrome,119.0.0.0,Windows NT 10.0,1536x864,,,,,,,,,,,,,,,,,0,0,46.113,0,,,,,,,,,,,,,,,,,Hunt stag,2
2023-11-28 19:21:06,2023-11-28 19:23:28,IP Address,172.56.185.193,100,142,True,2023-11-28 19:23:29,R_2OTGzrXaY7Ju2qh,,,,,33.7873,-117.9231,anonymous,EN,636330b7f97a8198974a367f,Chrome,116.0.0.0,Macintosh,1280x800,,,,,0,0,49.407,0,,,,,,,,,,,,,,,,,,,,,,,,,,,,,Hunt stag,1
2023-11-28 19:21:54,2023-11-28 19:23:36,IP Address,108.230.228.217,100,101,True,2023-11-28 19:23:37,R_6tZqqwB5xvGuc7f,,,,,25.8119,-80.2318,anonymous,EN,5d62dd02d556f20015807921,Chrome,115.0.0.0,Android 13,412x915,,,,,,,,,,,,,,,,,,,,,,,,,,,,,1.927,1.927,3.06,1,,,,,Hunt hare,1
2023-11-28 19:20:22,2023-11-28 19:23:40,IP Address,99.76.239.136,100,198,True,2023-11-28 19:23:41,R_2y2CLM2kTyF7o4R,,,,,29.3627,-98.4886,anonymous,EN,63d17b695a6cbbfcd1b19fdc,Chrome,119.0.0.0,Windows NT 10.0,1366x768,,,,,,,,,,,,,,,,,,,,,,,,,,,,,24.078,24.078,34.656,1,,,,,Hunt stag,4
2023-11-28 19:13:34,2023-11-28 19:23:53,IP Address,100.14.198.21,100,619,True,2023-11-28 19:23:53,R_2z8DBnbl68q1ZYf,,,,,39.9486,-75.2339,anonymous,EN,5c3282eb47817b0001581512,Firefox,119.0,Windows NT 10.0,1408x792,,,,,,,,,,,,,,,,,,,,,,,,,7.622,23.113,39.865,2,,,,,,,,,Hunt stag,4
2023-11-28 19:19:32,2023-11-28 19:24:00,IP Address,172.56.35.61,100,267,True,2023-11-28 19:24:00,R_3g5erEVvioBBjOD,,,,,40.6462,-73.9559,anonymous,EN,5be2f3db4616da00010def19,Safari iPhone,17.0.1,iPhone,390x844,,,,,,,,,,,,,0,0,51.661,0,,,,,,,,,,,,,,,,,,,,,Hunt hare,1
2023-11-28 19:21:46,2023-11-28 19:24:05,IP Address,104.5.244.58,100,138,True,2023-11-28 19:24:06,R_2wsIMefdkpxoDL9,,,,,25.8959,-80.309,anonymous,EN,5cf31154eed13700013c1417,Chrome,119.0.0.0,Macintosh,1440x900,,,,,,,,,,,,,,,,,,,,,,,,,0,0,29.654,0,,,,,,,,,Hunt stag,6
2023-11-28 19:20:12,2023-11-28 19:24:42,IP Address,35.143.98.206,100,270,True,2023-11-28 19:24:43,R_3nGdcFMvYwzK91K,,,,,28.0331,-81.9391,anonymous,EN,5e69987e0873d600084bc920,Edge,119.0.0.0,Windows NT 10.0,1366x768,,,,,,,,,,,,,,,,,0,0,62.788,0,,,,,,,,,,,,,,,,,Hunt stag,1
2023-11-28 19:23:34,2023-11-28 19:25:01,IP Address,72.71.229.247,100,86,True,2023-11-28 19:25:01,R_3oHq53oo6FA0hOP,,,,,43.2188,-71.5294,anonymous,EN,62df0d96dbf784aa3e1c20d7,Chrome,119.0.0.0,Windows NT 10.0,2048x1152,,,,,,,,,0,0,45.872,0,,,,,,,,,,,,,,,,,,,,,,,,,Hunt stag,7
2023-11-28 19:23:25,2023-11-28 19:25:03,IP Address,70.241.119.178,100,98,True,2023-11-28 19:25:04,R_21A02Y87x7nLBig,,,,,29.7646,-95.3657,anonymous,EN,65088c0b395fa983448de8dd,Safari,16.1,Macintosh,1440x900,0,0,1.453,0,,,,,,,,,,,,,,,,,,,,,,,,,,,,,,,,,Hunt stag,6
2023-11-28 19:22:15,2023-11-28 19:25:04,IP Address,76.34.87.134,100,169,True,2023-11-28 19:25:04,R_1eWwO10juLRDFPC,,,,,40.0181,-83.0117,anonymous,EN,60fdde0a68c4749b14067099,Safari iPhone,15.6.1,iPhone,390x844,,,,,14.036,14.036,47.182,1,,,,,,,,,,,,,,,,,,,,,,,,,,,,,Hunt stag,3
2023-11-28 19:22:32,2023-11-28 19:25:05,IP Address,174.28.66.141,100,152,True,2023-11-28 19:25:05,R_1NEu3MW00QUtRuA,,,,,35.0373,-106.6712,anonymous,EN,549b8ef4fdf99b4ffa5fa0c9,Chrome iPhone,119.0.6045.169,iPhone,414x896,,,,,,,,,,,,,,,,,,,,,,,,,,,,,,,,,2.72,15.091,21.123,2,Hunt hare,1
2023-11-28 19:21:10,2023-11-28 19:25:30,IP Address,76.138.167.180,100,260,True,2023-11-28 19:25:31,R_2sRsvB8BBxTUMld,,,,,44.9466,-123.0105,anonymous,EN,5f8adfc098514819aa26381f,Safari iPhone,16.6,iPhone,390x844,,,,,,,,,,,,,,,,,33.949,37.476,39.018,2,,,,,,,,,,,,,,,,,Hunt hare,7
2023-11-28 19:23:42,2023-11-28 19:25:32,IP Address,98.49.230.142,100,109,True,2023-11-28 19:25:32,R_2WHGtVcDeohbqJt,,,,,40.0043,-76.8601,anonymous,EN,60ecb502739c4b998218da12,Chrome,119.0.0.0,Android 10,412x823,,,,,,,,,,,,,,,,,,,,,,,,,,,,,3.95,11.651,13.379,4,,,,,Hunt hare,6
2023-11-28 19:22:19,2023-11-28 19:25:43,IP Address,172.1.176.202,100,203,True,2023-11-28 19:25:43,R_21nwmKeQNM7VN4j,,,,,25.9843,-80.2149,anonymous,EN,5c4fa169ee5ae100010a2057,Chrome,119.0.0.0,Windows NT 10.0,1536x864,,,,,,,,,,,,,,,,,,,,,,,,,12.826,13.26,15.298,2,,,,,,,,,Hunt hare,7
2023-11-28 19:24:17,2023-11-28 19:25:44,IP Address,24.17.195.44,100,86,True,2023-11-28 19:25:45,R_1pWInzywrXjFlvt,,,,,47.3236,-122.3187,anonymous,EN,61575bacd55c569c0dee872f,Safari iPhone,16.6,iPhone,390x844,,,,,,,,,,,,,,,,,,,,,1.151,14.099,16.096,5,,,,,,,,,,,,,Hunt stag,3
2023-11-28 19:21:42,2023-11-28 19:25:46,IP Address,174.216.245.69,100,243,True,2023-11-28 19:25:46,R_2TIcUaaFKZSyFkV,,,,,40.7653,-73.9589,anonymous,EN,65600aa7ff0c0fcf0ddcda34,Safari iPhone,16.6,iPhone,375x667,,,,,,,,,,,,,,,,,,,,,,,,,,,,,15.312,26.748,29.282,4,,,,,Hunt stag,4
2023-11-28 19:22:43,2023-11-28 19:26:04,IP Address,75.209.136.59,100,201,True,2023-11-28 19:26:04,R_3PMFDEzLocSnI0t,,,,,41.8797,-87.6435,anonymous,EN,62fd20eea4b9216ae42bacc6,Chrome,119.0.0.0,Windows NT 10.0,1587x893,,,,,,,,,,,,,,,,,,,,,0,0,47.248,0,,,,,,,,,,,,,Hunt hare,7
2023-11-28 19:24:07,2023-11-28 19:26:06,IP Address,24.18.117.196,100,119,True,2023-11-28 19:26:07,R_2yqDJpllasg6gNo,,,,,47.509,-122.1163,anonymous,EN,5cacd539c8e337001dbf3bd1,Chrome,119.0.0.0,Macintosh,1512x982,,,,,,,,,,,,,,,,,0,0,34.028,0,,,,,,,,,,,,,,,,,Hunt stag,7
2023-11-28 19:22:09,2023-11-28 19:26:09,IP Address,76.147.219.190,100,239,True,2023-11-28 19:26:09,R_1OPkI5t7939Y4cz,,,,,47.6484,-117.191,anonymous,EN,5b48a9e14acd54000132a67f,Chrome,119.0.0.0,Windows NT 10.0,1920x1080,,,,,,,,,,,,,0,0,82.032,0,,,,,,,,,,,,,,,,,,,,,Hunt hare,1
2023-11-28 19:21:53,2023-11-28 19:26:15,IP Address,172.59.200.115,100,262,True,2023-11-28 19:26:16,R_dcWrHSx8UhwybLz,,,,,41.9457,-87.7393,anonymous,EN,5938e042e9b44100013ae891,Chrome,119.0.0.0,Windows NT 10.0,1366x768,,,,,,,,,1.847,1.847,69.917,1,,,,,,,,,,,,,,,,,,,,,,,,,Hunt stag,7
2023-11-28 19:23:09,2023-11-28 19:26:18,IP Address,96.238.57.137,100,188,True,2023-11-28 19:26:19,R_3ETlIywlRj2SIjG,,,,,41.7139,-71.3895,anonymous,EN,5e991aaac7bc1615ea5b3eb8,Safari,17.1,Macintosh,1440x900,,,,,,,,,,,,,51.297,51.297,53.274,1,,,,,,,,,,,,,,,,,,,,,Hunt stag,6
2023-11-28 19:23:40,2023-11-28 19:26:49,IP Address,69.255.101.218,100,188,True,2023-11-28 19:26:50,R_2Xp2INDtYGzHYPI,,,,,38.4534,-76.5084,anonymous,EN,633a480b78c808fbce75f0e9,Firefox,120.0,Windows NT 10.0,2560x1440,,,,,0,0,42.833,0,,,,,,,,,,,,,,,,,,,,,,,,,,,,,Hunt stag,7
2023-11-28 19:24:16,2023-11-28 19:26:49,IP Address,98.144.211.211,100,153,True,2023-11-28 19:26:50,R_ZEGMq27fANGlAiZ,,,,,42.8895,-87.9074,anonymous,EN,63f7e098e99a7db2d59ac6ce,Chrome,119.0.0.0,Windows NT 10.0,1920x1080,,,,,0,0,55.17,0,,,,,,,,,,,,,,,,,,,,,,,,,,,,,Hunt stag,7
2023-11-28 19:25:06,2023-11-28 19:26:52,IP Address,73.108.232.241,100,105,True,2023-11-28 19:26:53,R_DvhJ5LFki2ELd8l,,,,,35.837,-84.008,anonymous,EN,5d30eee5e7ca2e001bd4091b,Chrome,119.0.0.0,Android 10,347x772,,,,,,,,,,,,,,,,,,,,,,,,,5.7,5.7,10.7,1,,,,,,,,,Hunt hare,6
2023-11-28 19:21:06,2023-11-28 19:27:05,IP Address,174.195.113.199,100,359,True,2023-11-28 19:27:06,R_1kTE5PGmYWWxCah,,,,,36.0574,-115.3213,anonymous,EN,65652e00d1afb42ba1a55a89,Safari iPhone,17.1.1,iPhone,428x926,1.869,1.886,2.691,2,,,,,,,,,,,,,,,,,,,,,,,,,,,,,,,,,Hunt stag,7
2023-11-28 19:25:11,2023-11-28 19:27:16,IP Address,99.183.213.60,100,124,True,2023-11-28 19:27:16,R_2TuGwTGpaug9Omf,,,,,38.4073,-90.4368,anonymous,EN,5fb1ed28e6d35874d598b740,Safari iPhone,16.6,iPhone,390x844,,,,,,,,,,,,,,,,,,,,,,,,,4.719,4.719,13.196,1,,,,,,,,,Hunt stag,7
2023-11-28 19:23:19,2023-11-28 19:27:34,IP Address,75.236.58.146,100,255,True,2023-11-28 19:27:35,R_3PMQWSVLOa8XtfN,,,,,36.122,-115.086,anonymous,EN,5f9e612e5e10814115cc780d,Opera,104.0.0.0,X11,1920x1080,,,,,,,,,,,,,,,,,,,,,,,,,,,,,,,,,26.683,31.063,38.651,3,Hunt stag,7
2023-11-28 19:20:42,2023-11-28 19:27:40,IP Address,35.137.38.36,100,418,True,2023-11-28 19:27:40,R_21HevQKCONKz6dn,,,,,28.2137,-82.6809,anonymous,EN,63d79678fb8c1b9072646c0a,Chrome,119.0.0.0,Windows NT 10.0,1600x900,,,,,,,,,0,0,78.096,0,,,,,,,,,,,,,,,,,,,,,,,,,Hunt hare,5
2023-11-28 19:24:19,2023-11-28 19:27:50,IP Address,47.198.50.77,100,211,True,2023-11-28 19:27:50,R_1lbIRxXBewriy6v,,,,,27.5026,-82.5749,anonymous,EN,5bef87523d79ff0001275154,Chrome,119.0.0.0,Windows NT 10.0,1371x661,,,,,,,,,,,,,0,0,74.22,0,,,,,,,,,,,,,,,,,,,,,Hunt hare,4
2023-11-28 19:23:26,2023-11-28 19:27:50,IP Address,172.222.139.51,100,263,True,2023-11-28 19:27:51,R_ANzkGCqVRVn6KJ3,,,,,34.1413,-118.6599,anonymous,EN,646bbb2b727f660f5ec8f1c9,Chrome,119.0.0.0,Windows NT 10.0,1536x864,,,,,,,,,,,,,,,,,,,,,,,,,0,0,245.795,0,,,,,,,,,Hunt stag,6
2023-11-28 19:24:49,2023-11-28 19:27:58,IP Address,107.147.43.99,100,188,True,2023-11-28 19:27:58,R_1ooi9POh0Cgz2xi,,,,,40.5743,-85.6741,anonymous,EN,5cc0b9bccedf2000012afc45,Safari,16.6,Macintosh,768x1024,,,,,,,,,12.608,27.284,39.911,8,,,,,,,,,,,,,,,,,,,,,,,,,Hunt stag,7
2023-11-28 19:24:49,2023-11-28 19:28:08,IP Address,73.4.156.95,100,199,True,2023-11-28 19:28:09,R_1lt1Cf9iXk0DJtm,,,,,41.5798,-72.5004,anonymous,EN,62029a39ef1cb18a1337c5e3,Chrome,119.0.0.0,Android 10,360x780,,,,,,,,,,,,,,,,,,,,,,,,,,,,,1.499,13.312,18.541,11,,,,,Hunt hare,6
2023-11-28 19:23:03,2023-11-28 19:28:11,IP Address,71.88.244.34,100,308,True,2023-11-28 19:28:11,R_1Cyjj4IXDieaZ9T,,,,,34.8308,-82.3507,anonymous,EN,600150a39d652729f84daf83,Safari iPhone,17.1.1,iPhone,430x932,,,,,,,,,,,,,49.006,49.006,52.254,1,,,,,,,,,,,,,,,,,,,,,Hunt stag,7
2023-11-28 19:26:03,2023-11-28 19:28:15,IP Address,68.206.161.106,100,132,True,2023-11-28 19:28:16,R_1FxJxgyZA0ptmKZ,,,,,29.4227,-98.4927,anonymous,EN,63d40dec072d08076c329bf2,Safari iPhone,17.1.1,iPhone,375x812,,,,,,,,,,,,,,,,,,,,,,,,,,,,,,,,,0.792,12.394,18.234,3,Hunt stag,7
2023-11-28 19:23:57,2023-11-28 19:28:36,IP Address,72.35.145.149,100,279,True,2023-11-28 19:28:37,R_3qJVKpuuqEeZkHq,,,,,44.0185,-121.2984,anonymous,EN,655780dccd5e0509a5df230f,Chrome,119.0.0.0,Windows NT 10.0,1500x1000,,,,,,,,,,,,,,,,,0,0,37.699,0,,,,,,,,,,,,,,,,,Hunt stag,4
2023-11-28 19:17:01,2023-11-28 19:28:47,IP Address,172.59.113.186,100,706,True,2023-11-28 19:28:47,R_xftEEIL9IYqJ8tz,,,,,36.8848,-76.1472,anonymous,EN,599ba05e05a0e30001f20344,Chrome,119.0.0.0,Windows NT 10.0,1366x768,,,,,,,,,,,,,,,,,,,,,1.372,249.103,251.499,4,,,,,,,,,,,,,Hunt hare,1
2023-11-28 19:26:56,2023-11-28 19:29:05,IP Address,174.175.182.27,100,128,True,2023-11-28 19:29:05,R_1hTpUUcR9p2lQzj,,,,,40.7957,-77.8618,anonymous,EN,5962ceff8474920001bd266e,Chrome,119.0.0.0,Windows NT 10.0,1707x1067,0,0,1.86,0,,,,,,,,,,,,,,,,,,,,,,,,,,,,,,,,,Hunt stag,7
2023-11-28 19:20:23,2023-11-28 19:29:08,IP Address,71.77.22.152,100,524,True,2023-11-28 19:29:08,R_1rl8w2G5hZ9sZzm,,,,,36.1225,-78.6858,anonymous,EN,6564e02ee525798abc35ba1d,Safari iPhone,17.1.1,iPhone,414x896,,,,,,,,,,,,,50.825,128.462,156.987,6,,,,,,,,,,,,,,,,,,,,,Hunt hare,1
2023-11-28 19:27:00,2023-11-28 19:29:34,IP Address,75.226.210.70,100,154,True,2023-11-28 19:29:35,R_1cZVUBGGfmZpCFp,,,,,30.3328,-97.7005,anonymous,EN,5c3027ef69d7820001063974,Chrome iPad,119.0.6045.169,iPad,834x1112,,,,,0,0,58.722,0,,,,,,,,,,,,,,,,,,,,,,,,,,,,,Hunt stag,7
2023-11-28 19:22:47,2023-11-28 19:29:35,IP Address,174.51.151.126,100,407,True,2023-11-28 19:29:35,R_1CabBOihZ1NRaSN,,,,,40.05,-105.217,anonymous,EN,65654d89443092badedb7c03,Chrome,119.0.0.0,Windows NT 10.0,1920x1080,,,,,,,,,,,,,,,,,,,,,0,0,24.363,0,,,,,,,,,,,,,Hunt hare,2
2023-11-28 19:26:24,2023-11-28 19:29:39,IP Address,69.251.159.195,100,194,True,2023-11-28 19:29:39,R_30jE4yaP9W2d6U1,,,,,38.9635,-76.9672,anonymous,EN,650602caaf8bfaea9b0ac6ae,Chrome,117.0.0.0,Macintosh,1470x956,,,,,,,,,,,,,,,,,,,,,,,,,,,,,6.143,9.077,14.093,5,,,,,Hunt stag,7
2023-11-28 19:28:06,2023-11-28 19:29:43,IP Address,73.115.188.239,100,97,True,2023-11-28 19:29:43,R_3eeF6JsJCEsW4LY,,,,,29.4203,-95.4537,anonymous,EN,656607b0de809871a577ac96,Chrome,119.0.0.0,Windows NT 10.0,1536x864,,,,,,,,,,,,,,,,,,,,,,,,,0,0,8.353,0,,,,,,,,,Hunt stag,4
2023-11-28 19:25:32,2023-11-28 19:29:47,IP Address,73.203.7.173,100,255,True,2023-11-28 19:29:47,R_1oItUunf8HUPdxa,,,,,39.9038,-104.9419,anonymous,EN,The experiment failed to load.,Chrome,119.0.0.0,Windows NT 10.0,1680x1050,0,0,1.94,0,,,,,,,,,,,,,,,,,,,,,,,,,,,,,,,,,Hunt stag,7
2023-11-28 19:26:22,2023-11-28 19:29:49,IP Address,71.116.60.75,100,207,True,2023-11-28 19:29:50,R_3hfKE50zN1JkNk1,,,,,40.473,-79.9537,anonymous,EN,5bd7cf3f3dac81000124bbcd,Chrome,119.0.0.0,Android 10,412x892,,,,,,,,,,,,,,,,,,,,,23.922,23.922,29.735,1,,,,,,,,,,,,,Hunt stag,7
2023-11-28 19:27:46,2023-11-28 19:29:49,IP Address,12.75.47.28,100,123,True,2023-11-28 19:29:50,R_2Y9rzq3PY9JzUDb,,,,,42.3255,-83.0415,anonymous,EN,5bf5ab78f35e0c000101b657,Chrome,119.0.0.0,Android 10,412x938,0,0,3.601,0,,,,,,,,,,,,,,,,,,,,,,,,,,,,,,,,,Hunt stag,4
2023-11-28 19:28:21,2023-11-28 19:30:13,IP Address,134.215.40.12,100,111,True,2023-11-28 19:30:13,R_2uPVgANThchN764,,,,,36.1671,-86.7861,anonymous,EN,653bc00977833dd2acdbf79b,Chrome,119.0.0.0,Windows NT 10.0,1366x768,,,,,,,,,,,,,,,,,,,,,,,,,,,,,5.926,10.561,12.663,4,,,,,Hunt stag,7
2023-11-28 19:28:06,2023-11-28 19:30:14,IP Address,75.199.77.69,100,128,True,2023-11-28 19:30:15,R_WCFu0qMjyBYJbeV,,,,,25.992,-80.2702,anonymous,EN,614f64af286f5a5cc8fa849d,Safari iPhone,17.1.1,iPhone,390x844,,,,,,,,,,,,,,,,,,,,,,,,,,,,,,,,,0.92,6.854,11.922,4,Hunt stag,7
2023-11-28 19:27:53,2023-11-28 19:30:22,IP Address,73.87.75.220,100,148,True,2023-11-28 19:30:22,R_7ZLkQKRDtKobQY1,,,,,39.2825,-77.8522,anonymous,EN,55affaf6fdf99b511b4fce1a,Chrome,119.0.0.0,Android 10,412x877,,,,,,,,,,,,,,,,,34.97,34.97,35.744,1,,,,,,,,,,,,,,,,,Hunt stag,7
2023-11-28 19:28:53,2023-11-28 19:30:23,IP Address,108.64.1.101,100,90,True,2023-11-28 19:30:23,R_2sYAqfzQWzLt7v2,,,,,25.992,-80.2702,anonymous,EN,5e3b759740e302397f294a2d,Chrome,119.0.0.0,Macintosh,1440x900,,,,,,,,,,,,,,,,,,,,,,,,,,,,,,,,,23.501,36.763,38.631,19,Hunt stag,2
2023-11-28 19:26:57,2023-11-28 19:30:47,IP Address,99.122.56.173,100,229,True,2023-11-28 19:30:47,R_3kGvFcqpH3kpu1l,,,,,33.8574,-84.013,anonymous,EN,633259075c2d3571332bdae7,Chrome,119.0.0.0,Windows NT 10.0,1920x1080,,,,,,,,,0,0,37.14,0,,,,,,,,,,,,,,,,,,,,,,,,,Hunt stag,7
2023-11-28 19:28:54,2023-11-28 19:30:51,IP Address,97.95.165.22,100,116,True,2023-11-28 19:30:51,R_2aWDf8jygwzAgCi,,,,,43.6381,-84.2029,anonymous,EN,627e9c9eeda3f513a8c6c548,Chrome,119.0.0.0,Windows NT 10.0,1536x864,0,0,1.14,0,,,,,,,,,,,,,,,,,,,,,,,,,,,,,,,,,Hunt stag,5
2023-11-28 19:28:09,2023-11-28 19:31:07,IP Address,73.156.120.85,100,178,True,2023-11-28 19:31:08,R_1eIViM9eeQGhguQ,,,,,26.594,-81.6602,anonymous,EN,546ebcd9fdf99b2bc7ebd030,Chrome,119.0.0.0,Windows NT 10.0,1366x768,,,,,0,0,47.534,0,,,,,,,,,,,,,,,,,,,,,,,,,,,,,Hunt stag,5
2023-11-28 19:27:30,2023-11-28 19:31:08,IP Address,24.18.73.119,100,217,True,2023-11-28 19:31:08,R_xmtVKCZ9qDbZUMp,,,,,47.648,-117.4209,anonymous,EN,63f7eb4fd0c75f760998818c,Chrome,119.0.0.0,Windows NT 10.0,1280x720,,,,,,,,,,,,,0,0,47.568,0,,,,,,,,,,,,,,,,,,,,,Hunt hare,3
2023-11-28 19:28:42,2023-11-28 19:31:15,IP Address,24.27.2.50,100,152,True,2023-11-28 19:31:15,R_3EAsfK24Q9Ckcbs,,,,,30.0032,-97.8397,anonymous,EN,6025aeaea2c27e19e096f29d,Chrome,119.0.0.0,Windows NT 10.0,1920x1080,,,,,,,,,10.389,10.389,42.698,1,,,,,,,,,,,,,,,,,,,,,,,,,Hunt stag,7
2023-11-28 19:29:04,2023-11-28 19:31:17,IP Address,166.182.82.241,100,132,True,2023-11-28 19:31:18,R_1hz3GKYLi1uUAly,,,,,36.1671,-86.7861,anonymous,EN,627a67e16fde61ab21003956,Chrome,119.0.0.0,Linux x86_64,360x780,,,,,,,,,,,,,2.02,74.896,75.497,3,,,,,,,,,,,,,,,,,,,,,Hunt stag,4
2023-11-28 19:30:02,2023-11-28 19:31:28,IP Address,108.75.73.137,100,85,True,2023-11-28 19:31:29,R_3DihEzE1NecbQRt,,,,,37.7771,-122.406,anonymous,EN,6313bca352b1b9dacd2446e5,Chrome,119.0.0.0,Windows NT 10.0,1536x864,,,,,,,,,,,,,,,,,,,,,,,,,,,,,,,,,0,0,5.235,0,Hunt stag,1
2023-11-28 19:26:34,2023-11-28 19:31:31,IP Address,173.66.47.62,100,297,True,2023-11-28 19:31:32,R_28Mns3e7dhDo5Af,,,,,38.7679,-77.4534,anonymous,EN,656550235189b3b8bd39f3b8,Chrome,119.0.0.0,Windows NT 10.0,1536x864,,,,,,,,,,,,,,,,,0,0,57.102,0,,,,,,,,,,,,,,,,,Hunt stag,7
2023-11-28 19:30:13,2023-11-28 19:31:31,IP Address,66.162.162.80,100,78,True,2023-11-28 19:31:32,R_2RPLBrhUBxwE2BQ,,,,,28.7675,-81.2844,anonymous,EN,61625a497ae037549b3f9e2a,Chrome,119.0.0.0,Windows NT 10.0,1920x1080,,,,,,,,,,,,,,,,,,,,,,,,,,,,,0,0,22.261,0,,,,,Hunt stag,5
2023-11-28 19:28:05,2023-11-28 19:31:51,IP Address,172.56.72.252,100,225,True,2023-11-28 19:31:51,R_DefmQZ7wK0K9Za9,,,,,28.4883,-81.4061,anonymous,EN,5dd034d1fce606114e3bb8e0,Chrome,119.0.0.0,Android 10,360x800,,,,,,,,,,,,,,,,,,,,,2.442,20.791,21.49,4,,,,,,,,,,,,,Hunt stag,7
2023-11-28 19:29:17,2023-11-28 19:32:09,IP Address,73.164.172.142,100,171,True,2023-11-28 19:32:09,R_3kiCVDIspqrmkc3,,,,,45.3716,-122.7656,anonymous,EN,581d50e882c5aa000132ce4f,Chrome,119.0.0.0,Windows NT 10.0,1920x1080,,,,,0,0,42.382,0,,,,,,,,,,,,,,,,,,,,,,,,,,,,,Hunt hare,7
2023-11-28 19:29:28,2023-11-28 19:32:34,IP Address,73.119.142.114,100,186,True,2023-11-28 19:32:35,R_uxYfK5m5wr7KqJj,,,,,43.2188,-71.5294,anonymous,EN,63bda53b525aeabb92ddd6ec,Chrome,119.0.0.0,Windows NT 10.0,1536x864,,,,,,,,,,,,,,,,,,,,,,,,,0,0,31.795,0,,,,,,,,,Hunt stag,4
2023-11-28 19:30:16,2023-11-28 19:32:52,IP Address,172.116.244.219,100,155,True,2023-11-28 19:32:52,R_1imwMmIIwS0q4I3,,,,,33.7499,-117.9071,anonymous,EN,60efa510e3cdfbbf4d7c355b,Edge,119.0.0.0,Windows NT 10.0,1920x1080,,,,,,,,,,,,,,,,,,,,,0,0,24.786,0,,,,,,,,,,,,,Hunt stag,7
2023-11-28 19:31:53,2023-11-28 19:32:55,IP Address,71.86.86.85,100,61,True,2023-11-28 19:32:55,R_3g7sdAQGyHAPML7,,,,,30.2791,-89.7679,anonymous,EN,5748077a5e5491000e3bf711,Chrome,119.0.0.0,Windows NT 10.0,1920x1080,,,,,,,,,,,,,,,,,0.99,26.124,28.433,3,,,,,,,,,,,,,,,,,Hunt stag,4
2023-11-28 19:31:24,2023-11-28 19:33:04,IP Address,70.176.167.30,100,100,True,2023-11-28 19:33:05,R_XH5dWqf2HDondvz,,,,,32.8946,-111.7493,anonymous,EN,6103a6a5b1d93e18d85a6f23,Chrome,119.0.0.0,Windows NT 10.0,1920x1080,,,,,,,,,0,0,36.11,0,,,,,,,,,,,,,,,,,,,,,,,,,Hunt stag,7
2023-11-28 19:31:10,2023-11-28 19:33:13,IP Address,162.198.130.238,100,123,True,2023-11-28 19:33:13,R_d0C6AG1CWZxmOTD,,,,,34.0297,-84.1469,anonymous,EN,54af2a48fdf99b09c01b3801,Chrome,119.0.0.0,Windows NT 10.0,1500x1000,,,,,,,,,,,,,,,,,0,0,32.784,0,,,,,,,,,,,,,,,,,Hunt stag,4
2023-11-28 19:29:26,2023-11-28 19:33:25,IP Address,76.216.49.65,100,238,True,2023-11-28 19:33:26,R_1erwmZEfz1oCCHk,,,,,41.4866,-81.8037,anonymous,EN,60fe04ef652fd1fafaa4ae50,Safari iPhone,17.1.1,iPhone,390x844,,,,,,,,,39.091,39.091,41.813,1,,,,,,,,,,,,,,,,,,,,,,,,,Hunt stag,7
2023-11-28 19:29:42,2023-11-28 19:33:42,IP Address,68.108.79.174,100,239,True,2023-11-28 19:33:42,R_3k0TS8lNHyMnMy8,,,,,36.0344,-114.9705,anonymous,EN,6556b6e6f5259aeca4bf5127,Opera,104.0.0.0,Windows NT 10.0,1536x864,,,,,,,,,,,,,,,,,19.004,23.07,50.264,2,,,,,,,,,,,,,,,,,Hunt stag,6
2023-11-28 19:29:27,2023-11-28 19:33:52,IP Address,70.125.175.125,100,265,True,2023-11-28 19:33:52,R_3Gpm9AzQgnjJzVi,,,,,25.9244,-97.4626,anonymous,EN,653913d2a261d24c68370845,Safari,17.0,Macintosh,1280x800,,,,,,,,,,,,,,,,,,,,,0,0,46.199,0,,,,,,,,,,,,,Hunt stag,6
2023-11-28 19:31:47,2023-11-28 19:33:56,IP Address,174.55.193.33,100,128,True,2023-11-28 19:33:56,R_2rFhRkAmv2QgZCp,,,,,41.2382,-76.9978,anonymous,EN,6543b1167662671a4c6be61c,Safari,16.2,Macintosh,1440x900,,,,,,,,,,,,,,,,,,,,,,,,,,,,,,,,,0,0,15.82,0,Hunt stag,7
2023-11-28 19:32:10,2023-11-28 19:33:57,IP Address,74.76.44.192,100,106,True,2023-11-28 19:33:57,R_OkdQHhq71BlMwgN,,,,,42.8697,-73.999,anonymous,EN,5cfe7510d987a800178eab1a,Chrome,119.0.0.0,Windows NT 10.0,1376x774,,,,,0,0,42.843,0,,,,,,,,,,,,,,,,,,,,,,,,,,,,,Hunt stag,7
2023-11-28 19:30:13,2023-11-28 19:33:57,IP Address,108.211.234.249,100,224,True,2023-11-28 19:33:57,R_1jez8Untyss2fMU,,,,,38.22,-85.6942,anonymous,EN,54afe839fdf99b6f2c1214ce,Chrome,119.0.0.0,Android 10,412x915,,,,,,,,,,,,,,,,,,,,,14.383,24.053,26.245,4,,,,,,,,,,,,,Hunt stag,7
2023-11-28 19:32:58,2023-11-28 19:34:04,IP Address,174.70.100.218,100,66,True,2023-11-28 19:34:05,R_2wETVi6Djne4ygD,,,,,29.9317,-90.1026,anonymous,EN,62d21a095ad69a4459f6d664,Chrome,119.0.0.0,Macintosh,2560x1440,,,,,,,,,,,,,,,,,,,,,,,,,,,,,0,0,1.653,0,,,,,Hunt stag,3
2023-11-28 19:31:10,2023-11-28 19:34:04,IP Address,24.90.202.188,100,174,True,2023-11-28 19:34:05,R_yyXMEBSZeao9jKp,,,,,40.6643,-73.9763,anonymous,EN,6442e3ecb13f307b6ae70217,Chrome,109.0.0.0,Windows NT 10.0,1280x800,0,0,1.444,0,,,,,,,,,,,,,,,,,,,,,,,,,,,,,,,,,Hunt hare,4
2023-11-28 19:30:23,2023-11-28 19:34:06,IP Address,24.148.13.102,100,222,True,2023-11-28 19:34:06,R_2aKwDWbqLP6wJvc,,,,,41.8482,-87.6521,anonymous,EN,5a79f14a8fe2dc00010593eb,Chrome,118.0.0.0,Macintosh,1440x900,,,,,0,0,51.601,0,,,,,,,,,,,,,,,,,,,,,,,,,,,,,Hunt stag,7
2023-11-28 19:30:47,2023-11-28 19:34:24,IP Address,76.118.67.241,100,217,True,2023-11-28 19:34:24,R_1n1J11ffNENBth1,,,,,41.2986,-73.4941,anonymous,EN,56cb15ad64c068000b4d7ca5,Chrome,119.0.0.0,Windows NT 10.0,1923x944,,,,,,,,,,,,,0,0,66.029,0,,,,,,,,,,,,,,,,,,,,,Hunt hare,7
2023-11-28 19:32:30,2023-11-28 19:34:34,IP Address,68.189.171.21,100,123,True,2023-11-28 19:34:34,R_2YeJaVDTexjs6FC,,,,,35.6355,-82.5645,anonymous,EN,5654171504212700054a12ad,Safari,14.1.2,Macintosh,1440x900,,,,,,,,,,,,,,,,,,,,,,,,,,,,,0,0,26.718,0,,,,,Hunt stag,7
2023-11-28 19:32:10,2023-11-28 19:34:37,IP Address,98.35.69.186,100,146,True,2023-11-28 19:34:38,R_3ssLUDavSUBl3Qg,,,,,37.3698,-121.816,anonymous,EN,5e03acb6398bb6e8d98855b6,Chrome,119.0.0.0,Windows NT 10.0,1536x864,,,,,,,,,,,,,,,,,,,,,,,,,0,0,16.306,0,,,,,,,,,Hunt stag,7
2023-11-28 19:30:55,2023-11-28 19:34:38,IP Address,98.208.53.123,100,222,True,2023-11-28 19:34:38,R_42vZxBIpJI5GJPP,,,,,38.581,-121.4939,anonymous,EN,5ec9cf3ed4642d4ebb802b42,Safari iPhone,17.1.1,iPhone,375x667,,,,,,,,,,,,,18.765,49.862,52.637,14,,,,,,,,,,,,,,,,,,,,,Hunt stag,7
2023-11-28 19:31:18,2023-11-28 19:34:42,IP Address,184.156.44.137,100,204,True,2023-11-28 19:34:43,R_1ePrEZa5crtlzis,,,,,33.5879,-86.3384,anonymous,EN,5b70ed4b99982e000145eb7b,Edge,119.0.0.0,Windows NT 10.0,960x540,,,,,,,,,27.013,27.013,41.688,1,,,,,,,,,,,,,,,,,,,,,,,,,Hunt hare,7
2023-11-28 19:32:09,2023-11-28 19:34:50,IP Address,68.35.218.223,100,161,True,2023-11-28 19:34:51,R_Dct2oc0iX9vyA1P,,,,,30.5218,-84.2626,anonymous,EN,6150a7aff22eb4723de2341a,Firefox,120.0,Windows NT 10.0,2560x1440,0,0,1.236,0,,,,,,,,,,,,,,,,,,,,,,,,,,,,,,,,,Hunt hare,3
2023-11-28 19:33:04,2023-11-28 19:35:31,IP Address,24.22.68.149,100,147,True,2023-11-28 19:35:32,R_2rBJFBb1tFa9R8k,,,,,45.4085,-122.7981,anonymous,EN,6397bcc95a5e903a262566bb,Chrome,119.0.0.0,Windows NT 10.0,1536x864,,,,,,,,,0,0,38.065,0,,,,,,,,,,,,,,,,,,,,,,,,,Hunt stag,7
2023-11-28 19:28:53,2023-11-28 19:35:55,IP Address,174.165.170.150,100,421,True,2023-11-28 19:35:55,R_UAwPnagwRafWHUB,,,,,47.8561,-121.9467,anonymous,EN,55b6ed4afdf99b437183fa6f,Chrome,119.0.0.0,Windows NT 10.0,1536x864,,,,,,,,,,,,,,,,,,,,,,,,,,,,,59.975,112.07,130.16,4,,,,,Hunt stag,7
2023-11-28 19:32:45,2023-11-28 19:37:36,IP Address,98.159.143.65,100,290,True,2023-11-28 19:37:36,R_3KJ8BIiURh60hNS,,,,,37.7457,-82.7095,anonymous,EN,5f4bbf82fffa8779d1d4b082,Chrome,119.0.0.0,Windows NT 10.0,1536x864,,,,,,,,,,,,,61.538,61.538,75.69,1,,,,,,,,,,,,,,,,,,,,,Hunt stag,1
2023-11-28 19:24:59,2023-11-28 19:37:37,IP Address,70.95.22.45,100,758,True,2023-11-28 19:37:37,R_2tg6VE5fAOjztsr,,,,,32.7203,-117.1552,anonymous,EN,6459b8128544c7f22edba161,Edge,119.0.0.0,Windows NT 10.0,1920x1080,,,,,,,,,,,,,,,,,,,,,,,,,,,,,,,,,0,0,447.526,0,Hunt stag,4
2023-11-28 19:30:34,2023-11-28 19:38:39,IP Address,71.237.138.47,100,484,True,2023-11-28 19:38:39,R_2YhSOhYyYiUKvQd,,,,,45.6435,-122.6247,anonymous,EN,57a2caf8275be6000135b3aa,Chrome,119.0.0.0,Windows NT 10.0,1280x720,,,,,,,,,,,,,,,,,,,,,,,,,0,0,331.388,0,,,,,,,,,Hunt hare,7
2023-11-28 19:33:13,2023-11-28 19:39:32,IP Address,174.251.241.157,100,379,True,2023-11-28 19:39:32,R_XL1Mek1yebwWaFr,,,,,32.3012,-90.1834,anonymous,EN,61699743bb6d44b1d978e630,Chrome,118.0.0.0,CrOS x86_64 14541.0.0,1366x768,,,,,,,,,,,,,,,,,,,,,81.775,81.775,90.402,1,,,,,,,,,,,,,Hunt stag,7
2023-11-28 19:30:37,2023-11-28 19:40:33,IP Address,24.148.1.246,100,596,True,2023-11-28 19:40:34,R_3s5qczWNIghsP1L,,,,,41.8482,-87.6521,anonymous,EN,62d560526bd2941f33c9dad6,Edge,119.0.0.0,Windows NT 10.0,2560x1440,,,,,,,,,,,,,,,,,,,,,,,,,0,0,267.037,0,,,,,,,,,Hunt stag,4
2023-11-28 19:12:06,2023-11-28 19:41:02,IP Address,47.248.236.1,100,1736,True,2023-11-28 19:41:03,R_2dsWWM7IB8UdR27,,,,,39.7764,-86.1077,anonymous,EN,61511105a75b2b13223c9517,Chrome,119.0.0.0,Android 10,902x1443,,,,,,,,,,,,,,,,,,,,,,,,,,,,,,,,,87.423,1379.752,1400.448,117,Hunt stag,7
2023-11-28 19:33:13,2023-11-28 19:41:15,IP Address,70.253.57.223,100,482,True,2023-11-28 19:41:16,R_2UbYzqKZEbI6Mf8,,,,,28.4797,-82.5126,anonymous,EN,5e84c817507cd3066a527e5e,Chrome,118.0.0.0,CrOS x86_64 14541.0.0,1536x864,,,,,,,,,,,,,,,,,48.015,48.313,48.899,2,,,,,,,,,,,,,,,,,Hunt stag,7
2023-11-28 19:38:39,2023-11-28 19:41:23,IP Address,24.254.29.126,100,163,True,2023-11-28 19:41:23,R_3Ny3PqBVnJMeVSZ,,,,,37.3053,-79.9252,anonymous,EN,61267e282a445af9eb95beae,Chrome,119.0.0.0,Windows NT 10.0,1920x1080,0,0,1.41,0,,,,,,,,,,,,,,,,,,,,,,,,,,,,,,,,,Hunt stag,7
2023-11-28 19:30:08,2023-11-28 19:46:43,IP Address,72.85.63.26,100,994,True,2023-11-28 19:46:43,R_3qyaXVJWBF2qQs2,,,,,39.2124,-76.8776,anonymous,EN,5eace152e25d6800091dd418,Chrome,119.0.0.0,Windows NT 10.0,1397x786,,,,,40.004,40.691,42.899,2,,,,,,,,,,,,,,,,,,,,,,,,,,,,,Hunt stag,4
2023-11-28 19:45:18,2023-11-28 19:48:46,IP Address,172.56.10.82,100,208,True,2023-11-28 19:48:47,R_3CVf78LEvNrDvnl,,,,,44.9618,-93.2638,anonymous,EN,63316daa57747115376760da,Chrome,119.0.0.0,Windows NT 10.0,1920x1080,,,,,,,,,,,,,,,,,,,,,,,,,,,,,,,,,0,0,67.088,0,Hunt hare,7
2023-11-28 19:51:17,2023-11-28 19:52:45,IP Address,72.195.232.55,100,88,True,2023-11-28 19:52:45,R_C4DL8WwxmwqEFuV,,,,,33.5112,-111.9078,anonymous,EN,5f07d4c092ba8742ace3d2de,Chrome,119.0.0.0,Macintosh,1512x982,,,,,,,,,0,0,35.675,0,,,,,,,,,,,,,,,,,,,,,,,,,Hunt stag,3
2023-11-28 19:51:30,2023-11-28 19:53:52,IP Address,70.115.183.227,100,142,True,2023-11-28 19:53:53,R_p3hdMyBWDsdSuYx,,,,,26.3942,-98.8104,anonymous,EN,63f519601c333d44a17bb35a,Safari iPhone,17.2,iPhone,430x932,,,,,,,,,,,,,,,,,0,0,34.154,0,,,,,,,,,,,,,,,,,Hunt hare,7
2023-11-28 19:52:01,2023-11-28 19:54:55,Survey Preview,,100,173,True,2023-11-28 19:54:55,R_2YyxcL1Bd3vHUT1,,,,,34.1424,-118.1257,preview,EN,A,Chrome,118.0.0.0,Macintosh,1440x900,,,,,,,,,,,,,0,0,44.458,0,,,,,,,,,,,,,,,,,,,,,Hunt stag,4
2023-11-28 20:00:43,2023-11-28 20:01:49,IP Address,98.114.173.228,100,65,True,2023-11-28 20:01:49,R_2ePQ7W6P2ecTAGv,,,,,39.904,-75.5089,anonymous,EN,5e98ae20be425f0e61330c39,Chrome,119.0.0.0,Windows NT 10.0,1280x800,,,,,,,,,,,,,,,,,,,,,,,,,4.157,4.157,11.073,1,,,,,,,,,Hunt stag,4
