Submission id,Participant id,Status,Started at,Completed at,Reviewed at,Archived at,Time taken,Completion code,Total approvals,Age,Sex,Ethnicity simplified,Country of birth,Country of residence,Nationality,Language,Student status,Employment status
6566992b285114bb27fe564c,5589a309fdf99b7ae5007c33,AWAITING REVIEW,2023-11-29T01:51:45.432000Z,2023-11-29T01:53:35.183000Z,,2023-11-29T01:53:35.634792Z,110.0,CU04BQOF,1119,46,Male,White,United States,United States,United States,English,No,Full-Time
6566997bc53734f641fe9796,6519add4907624469d5f1635,AWAITING REVIEW,2023-11-29T01:53:04.259000Z,2023-11-29T01:58:16.371000Z,,2023-11-29T01:58:16.806772Z,313.0,CU04BQOF,242,20,Male,Black,United States,United States,United States,English,No,Unemployed (and job seeking)
6566998b58ca02d8320d811f,5bbe58e22b131d000183c317,AWAITING REVIEW,2023-11-29T01:53:18.045000Z,2023-11-29T01:55:42.292000Z,,2023-11-29T01:55:42.781077Z,145.0,CU04BQOF,1,DATA_EXPIRED,Male,DATA_EXPIRED,United States,United States,United States,English,No,DATA_EXPIRED
65669a0d814efa386b217c49,63d9e6b07d98353f362f023f,AWAITING REVIEW,2023-11-29T01:55:31.264000Z,2023-11-29T01:58:38.844000Z,,2023-11-29T01:58:39.429162Z,188.0,CU04BQOF,23,35,Male,White,United States,United States,United States,English,No,DATA_EXPIRED
65669a9458ca02d8320d8149,63fad8b20e532757a496f7f5,AWAITING REVIEW,2023-11-29T01:57:42.948000Z,2023-11-29T02:00:05.781000Z,,2023-11-29T02:00:06.577273Z,143.0,CU04BQOF,1654,54,Male,Asian,United States,United States,United States,English,No,DATA_EXPIRED
65669b0b7388e6de56a8657c,64136140e1cce438bf993257,AWAITING REVIEW,2023-11-29T01:59:43.109000Z,2023-11-29T02:03:55.078000Z,,2023-11-29T02:03:55.602000Z,252.0,CU04BQOF,599,33,Male,White,United States,United States,United States,English,No,Full-Time
65669b5c59afea8383fb215a,59c9cda80aaf750001213e00,AWAITING REVIEW,2023-11-29T02:01:11.631000Z,2023-11-29T02:03:43.547000Z,,2023-11-29T02:03:44.031778Z,152.0,CU04BQOF,44,36,Male,White,United States,United States,United States,English,Yes,Full-Time
65669b98baa15c2459e2db1a,5f3e31e2769ffb267b9d1a24,AWAITING REVIEW,2023-11-29T02:02:03.158000Z,2023-11-29T02:04:36.747000Z,,2023-11-29T02:04:37.203431Z,154.0,CU04BQOF,915,29,Male,White,United States,United States,United States,English,Yes,Unemployed (and job seeking)
65669bc236510557a1c9bd6e,614e497939b9b53a6013f7b0,AWAITING REVIEW,2023-11-29T02:02:46.793000Z,2023-11-29T02:05:05.889000Z,,2023-11-29T02:05:06.332903Z,140.0,CU04BQOF,2913,25,Male,White,United States,United States,United States,English,DATA_EXPIRED,DATA_EXPIRED
65669cb6c6fbc1970da69059,5e3461bd8ec4fc0230fef43a,AWAITING REVIEW,2023-11-29T02:07:02.188000Z,2023-11-29T02:11:26.697000Z,,2023-11-29T02:11:27.355667Z,265.0,CU04BQOF,1765,75,Male,White,United States,United States,United States,English,No,"Not in paid work (e.g. homemaker', 'retired or disabled)"
65669cb896df636d90acb414,63d14652689d5918c3efdb81,AWAITING REVIEW,2023-11-29T02:06:52.390000Z,2023-11-29T02:08:43.751000Z,,2023-11-29T02:08:44.421576Z,112.0,CU04BQOF,584,31,Male,White,United States,United States,United States,English,No,Unemployed (and job seeking)
65669d14c5fcf650de217fce,5ec446f8ec26b7323a065827,AWAITING REVIEW,2023-11-29T02:08:34.690000Z,2023-11-29T02:10:22.671000Z,,2023-11-29T02:10:23.124629Z,108.0,CU04BQOF,1154,49,Male,White,United States,United States,United States,English,No,DATA_EXPIRED
65669d1a4db374197550a712,5eb52896e034073a7b8aa981,AWAITING REVIEW,2023-11-29T02:08:30.690000Z,2023-11-29T02:11:46.834000Z,,2023-11-29T02:11:47.404226Z,197.0,CU04BQOF,3758,45,Male,White,United States,United States,United States,English,No,Full-Time
65669d226604d6d4dd45714a,6315a6e79ee2ce17a350a08a,AWAITING REVIEW,2023-11-29T02:08:38.781000Z,2023-11-29T02:10:41.722000Z,,2023-11-29T02:10:43.085499Z,123.0,CU04BQOF,703,24,Male,White,United States,United States,United States,English,No,Part-Time
65669d3b5f3ef34895e0e19d,63ec520278bcbfb9522a7c84,AWAITING REVIEW,2023-11-29T02:09:08.786000Z,2023-11-29T02:10:39.516000Z,,2023-11-29T02:10:40.059730Z,91.0,CU04BQOF,62,23,Male,White,United States,United States,United States,English,Yes,Due to start a new job within the next month
65669d41b3879a399ffb1e51,5f9b597effdbc2383f50e42f,AWAITING REVIEW,2023-11-29T02:09:08.627000Z,2023-11-29T02:11:57.069000Z,,2023-11-29T02:11:57.532435Z,169.0,CU04BQOF,26,23,Male,Asian,United States,United States,United States,English,DATA_EXPIRED,Part-Time
65669d5df0613e685f50a797,5caf87816ef0d100017611c4,AWAITING REVIEW,2023-11-29T02:09:37.064000Z,2023-11-29T02:11:56.466000Z,,2023-11-29T02:11:56.995177Z,140.0,CU04BQOF,221,29,Male,White,United States,United States,United States,English,No,Full-Time
65669d647f4b45fc2bfe5782,5dcdd7bf324a3d0a6c24b608,AWAITING REVIEW,2023-11-29T02:09:43.553000Z,2023-11-29T02:13:12.882000Z,,2023-11-29T02:13:13.390013Z,210.0,CU04BQOF,646,26,Male,White,United States,United States,United States,English,Yes,DATA_EXPIRED
65669d7677e0f618f5c9bf88,6565f8765ec125a5ff77a5ba,AWAITING REVIEW,2023-11-29T02:10:02.325000Z,2023-11-29T02:11:31.059000Z,,2023-11-29T02:11:31.478892Z,89.0,CU04BQOF,1,39,Male,White,United States,United States,United States,English,No,Other
65669d7f680f02bcfb4d74fe,6339d248a31798529a8cf2e4,AWAITING REVIEW,2023-11-29T02:10:13.540000Z,2023-11-29T02:13:43.301000Z,,2023-11-29T02:13:43.787919Z,210.0,CU04BQOF,415,36,Male,White,United States,United States,United States,English,No,DATA_EXPIRED
65669d80cfb7179a1e20cc8c,63e5d5659b749252fc596333,AWAITING REVIEW,2023-11-29T02:14:02.388000Z,2023-11-29T02:20:54.740000Z,,2023-11-29T02:20:55.219008Z,413.0,CU04BQOF,32,29,Male,Asian,Philippines,United States,United States,English,DATA_EXPIRED,DATA_EXPIRED
65669d8336510557a1c9bdd3,60ebbdd7a4f2acdb9a9769e5,AWAITING REVIEW,2023-11-29T02:10:11.062000Z,2023-11-29T02:13:56.576000Z,,2023-11-29T02:13:56.982877Z,226.0,CU04BQOF,2067,35,Male,White,United States,United States,United States,English,DATA_EXPIRED,Other
65669db2f70ce039119da429,5928b05e590f0b000126edb8,AWAITING REVIEW,2023-11-29T02:11:22.230000Z,2023-11-29T02:14:13.283000Z,,2023-11-29T02:14:13.769375Z,172.0,CU04BQOF,5969,26,Male,Asian,United States,United States,United States,English,No,"Not in paid work (e.g. homemaker', 'retired or disabled)"
65669dbec6fbc1970da6908e,617612aa86abe09e0c69b7f2,AWAITING REVIEW,2023-11-29T02:11:15.142000Z,2023-11-29T02:14:03.945000Z,,2023-11-29T02:14:04.515724Z,169.0,CU04BQOF,2545,27,Male,White,United States,United States,United States,English,No,Unemployed (and job seeking)
65669dc09762eb5c24f97401,5e65c5b41e30883349a25a61,AWAITING REVIEW,2023-11-29T02:11:18.415000Z,2023-11-29T02:20:27.471000Z,,2023-11-29T02:20:28.011149Z,550.0,CU04BQOF,1591,34,Male,White,United States,United States,United States,English,No,"Not in paid work (e.g. homemaker', 'retired or disabled)"
65669df9f504c80915a56aff,63d7afc5862cf407d8462372,AWAITING REVIEW,2023-11-29T02:12:13.364000Z,2023-11-29T02:14:14.083000Z,,2023-11-29T02:14:14.616160Z,121.0,CU04BQOF,368,26,Male,White,United States,United States,United States,English,DATA_EXPIRED,DATA_EXPIRED
65669e09b504cf0bec20cb71,633e64bfaab0e4bed6e5307d,AWAITING REVIEW,2023-11-29T02:13:00.388000Z,2023-11-29T02:19:44.600000Z,,2023-11-29T02:19:45.058697Z,405.0,CU04BQOF,2149,45,Male,Black,United States,United States,United States,English,No,Full-Time
65669e0c35fd00183bd58efb,5bd0d9bf25db7b0001786a5b,AWAITING REVIEW,2023-11-29T02:12:34.365000Z,2023-11-29T02:15:09.456000Z,,2023-11-29T02:15:09.897327Z,156.0,CU04BQOF,4055,48,Male,White,United States,United States,United States,English,Yes,Full-Time
65669e1435e5f96210d58e5a,612597436eff2c3e15310f3f,AWAITING REVIEW,2023-11-29T02:12:39.887000Z,2023-11-29T02:14:20.555000Z,,2023-11-29T02:14:21.014789Z,101.0,CU04BQOF,2127,28,Male,White,United States,United States,United States,English,No,Full-Time
65669e17680f02bcfb4d751c,5e89533c4d3d675e800bfc7c,AWAITING REVIEW,2023-11-29T02:12:41.228000Z,2023-11-29T02:14:11.570000Z,,2023-11-29T02:14:12.141412Z,91.0,CU04BQOF,4086,36,Male,White,United States,United States,United States,English,No,Full-Time
65669e234db374197550a737,5c3282eb47817b0001581512,AWAITING REVIEW,2023-11-29T02:13:15.813000Z,2023-11-29T02:24:07.411000Z,,2023-11-29T02:24:07.894644Z,652.0,CU04BQOF,956,35,Male,Black,United States,United States,United States,English,DATA_EXPIRED,DATA_EXPIRED
65669e2f9ddce043902d65a0,5ca999aacf827100165119f4,AWAITING REVIEW,2023-11-29T02:13:08.097000Z,2023-11-29T02:17:46.835000Z,,2023-11-29T02:17:47.280423Z,279.0,CU04BQOF,1242,37,Male,White,United States,United States,United States,English,No,Full-Time
65669e341f70541c740d825f,599ba05e05a0e30001f20344,AWAITING REVIEW,2023-11-29T02:16:57.461000Z,2023-11-29T02:28:56.899000Z,,2023-11-29T02:28:57.434999Z,720.0,CU04BQOF,1652,35,Male,White,United States,United States,United States,English,DATA_EXPIRED,Full-Time
65669e408ed41959d60317e9,62a2832342dd3f99e7cd6822,AWAITING REVIEW,2023-11-29T02:13:23.582000Z,2023-11-29T02:16:29.106000Z,,2023-11-29T02:16:29.537756Z,186.0,CU04BQOF,1148,40,Male,White,DATA_EXPIRED,United States,United States,English,DATA_EXPIRED,DATA_EXPIRED
65669e71ea15de5f69b6dfb3,5e0777b6814bba1033f6a396,AWAITING REVIEW,2023-11-29T02:14:13.302000Z,2023-11-29T02:17:42.646000Z,,2023-11-29T02:17:43.146757Z,210.0,CU04BQOF,421,28,Male,White,United States,United States,United States,English,DATA_EXPIRED,DATA_EXPIRED
65669e7c69669c583899b799,5e387f2c0d70ef099d5e5a4f,AWAITING REVIEW,2023-11-29T02:14:23.306000Z,2023-11-29T02:16:49.681000Z,,2023-11-29T02:16:50.183388Z,147.0,CU04BQOF,1602,41,Male,White,United States,United States,United States,English,No,DATA_EXPIRED
65669eac6915b154b86acb13,5686e598369319000b268e63,AWAITING REVIEW,2023-11-29T02:15:13.464000Z,2023-11-29T02:20:19.140000Z,,2023-11-29T02:20:19.637988Z,306.0,CU04BQOF,2633,39,Male,Mixed,United States,United States,United States,English,No,Other
65669eb1110864dba2b6dc4f,5cfc4af8a224000001675ec8,AWAITING REVIEW,2023-11-29T02:15:19.230000Z,2023-11-29T02:17:44.311000Z,,2023-11-29T02:17:44.761333Z,146.0,CU04BQOF,427,43,Male,White,United States,United States,United States,English,No,DATA_EXPIRED
65669ec7a8c58b2ef7defaff,628eab48a8c8dc1ecec338dd,AWAITING REVIEW,2023-11-29T02:15:39.562000Z,2023-11-29T02:21:54.166000Z,,2023-11-29T02:21:54.640880Z,375.0,CU04BQOF,2734,30,Male,White,United States,United States,United States,English,No,Full-Time
65669ed7e08eff75563c1013,63d13b2074bde4460ac2df59,AWAITING REVIEW,2023-11-29T02:16:02.437000Z,2023-11-29T02:18:10.011000Z,,2023-11-29T02:18:10.483135Z,128.0,CU04BQOF,842,26,Male,Asian,United States,United States,United States,English,No,Full-Time
65669edf8ed41959d6031819,615d8e3f00998e6ea25548f7,AWAITING REVIEW,2023-11-29T02:16:03.950000Z,2023-11-29T02:18:29.834000Z,,2023-11-29T02:18:30.346416Z,146.0,CU04BQOF,803,42,Male,White,United States,United States,United States,English,No,Full-Time
65669ef477e0f618f5c9bfd1,585eb4cfc34844000174d807,AWAITING REVIEW,2023-11-29T02:16:25.074000Z,2023-11-29T02:20:08.132000Z,,2023-11-29T02:20:08.644981Z,224.0,CU04BQOF,3409,42,Male,Asian,United States,United States,United States,English,DATA_EXPIRED,DATA_EXPIRED
65669efb110864dba2b6dc6c,642e10f11d857b6e6bf20522,AWAITING REVIEW,2023-11-29T02:16:31.680000Z,2023-11-29T02:19:48.666000Z,,2023-11-29T02:19:49.189231Z,197.0,CU04BQOF,184,25,Male,Black,DATA_EXPIRED,United States,United States,English,DATA_EXPIRED,DATA_EXPIRED
65669f1dbc72801e72a8a773,5e3a058510f1a622d69d2881,AWAITING REVIEW,2023-11-29T02:17:05.719000Z,2023-11-29T02:19:29.226000Z,,2023-11-29T02:19:29.611443Z,144.0,CU04BQOF,290,28,Male,Mixed,United States,United States,United States,English,DATA_EXPIRED,DATA_EXPIRED
65669f4e7388e6de56a866a2,60fe47b274576eb477b06e6d,AWAITING REVIEW,2023-11-29T02:18:05.297000Z,2023-11-29T02:20:24.810000Z,,2023-11-29T02:20:25.352862Z,140.0,CU04BQOF,2331,30,Male,White,United States,United States,United States,English,No,Full-Time
65669f4fbe8d3123db87cffa,654cede3e7e7f75c59cc6064,AWAITING REVIEW,2023-11-29T02:17:55.065000Z,2023-11-29T02:21:03.882000Z,,2023-11-29T02:21:04.339261Z,189.0,CU04BQOF,38,35,Male,White,United States,United States,United States,English,Yes,Other
65669f71814efa386b217d88,5ae634876735bd0001d7ea3f,AWAITING REVIEW,2023-11-29T02:18:31.053000Z,2023-11-29T02:21:29.078000Z,,2023-11-29T02:21:29.584271Z,179.0,CU04BQOF,1993,31,Male,White,United States,United States,United States,English,No,DATA_EXPIRED
65669f8d08d3adcd1e931714,5858610a7ac7900001733bb2,AWAITING REVIEW,2023-11-29T02:18:59.571000Z,2023-11-29T02:22:02.522000Z,,2023-11-29T02:22:03.009318Z,183.0,CU04BQOF,1113,45,Male,Black,United States,United States,United States,English,No,Full-Time
65669f9ca1f837b2e94d7297,56ccf21905d469000d109a83,AWAITING REVIEW,2023-11-29T02:19:12.887000Z,2023-11-29T02:20:53.676000Z,,2023-11-29T02:20:54.138913Z,101.0,CU04BQOF,3270,33,Male,White,United States,United States,United States,English,No,Full-Time
65669fc635e5f96210d58eb9,5e7e94f6279cb0000a027185,AWAITING REVIEW,2023-11-29T02:19:54.742000Z,2023-11-29T02:22:07.900000Z,,2023-11-29T02:22:08.468792Z,134.0,CU04BQOF,813,23,Male,Mixed,United States,United States,United States,English,No,Part-Time
65669fdfc53734f641fe98f5,63d17b695a6cbbfcd1b19fdc,AWAITING REVIEW,2023-11-29T02:20:19.757000Z,2023-11-29T02:23:46.229000Z,,2023-11-29T02:23:46.700626Z,207.0,CU04BQOF,932,25,Male,Other,United States,United States,United States,English,No,Full-Time
6566a00f092a12ab8bacb729,604b9e6373c491acd8aec923,AWAITING REVIEW,2023-11-29T02:21:06.837000Z,2023-11-29T02:23:09.166000Z,,2023-11-29T02:23:09.853114Z,123.0,CU04BQOF,6661,44,Male,White,United States,United States,United States,English,No,Full-Time
6566a02d9e98445866f97604,65600aa7ff0c0fcf0ddcda34,AWAITING REVIEW,2023-11-29T02:21:38.790000Z,2023-11-29T02:25:49.720000Z,,2023-11-29T02:25:50.196289Z,251.0,CU04BQOF,16,43,Male,White,United States,United States,United States,English,No,Full-Time
6566a04bf3b9753e42e2df1f,5b48a9e14acd54000132a67f,AWAITING REVIEW,2023-11-29T02:22:07.648000Z,2023-11-29T02:26:11.370000Z,,2023-11-29T02:26:11.918446Z,244.0,CU04BQOF,2809,39,Male,White,United States,United States,United States,English,No,Full-Time
6566a058569a039c1a638dfa,5c4fa169ee5ae100010a2057,AWAITING REVIEW,2023-11-29T02:22:16.652000Z,2023-11-29T02:25:47.782000Z,,2023-11-29T02:25:48.307211Z,212.0,CU04BQOF,6369,43,Male,Black,United States,United States,United States,English,DATA_EXPIRED,DATA_EXPIRED
6566a0681a206701fb3c140d,5bef87523d79ff0001275154,AWAITING REVIEW,2023-11-29T02:24:15.995000Z,2023-11-29T02:27:54.417000Z,,2023-11-29T02:27:54.826039Z,219.0,CU04BQOF,2478,33,Male,White,United States,United States,United States,English,No,Full-Time
6566a090b504cf0bec20cbf8,5f9e612e5e10814115cc780d,AWAITING REVIEW,2023-11-29T02:23:16.750000Z,2023-11-29T02:27:40.294000Z,,2023-11-29T02:27:40.794649Z,264.0,CU04BQOF,3243,49,Male,White,United States,United States,United States,English,No,Other
6566a0a177e0f618f5c9c014,62df0d96dbf784aa3e1c20d7,AWAITING REVIEW,2023-11-29T02:23:32.916000Z,2023-11-29T02:25:03.838000Z,,2023-11-29T02:25:04.375284Z,91.0,CU04BQOF,296,33,Male,White,United States,United States,United States,English,No,Full-Time
6566a0a4e456db39a4fe9764,60ecb502739c4b998218da12,AWAITING REVIEW,2023-11-29T02:23:37.774000Z,2023-11-29T02:25:38.571000Z,,2023-11-29T02:25:39.049520Z,121.0,CU04BQOF,1909,32,Male,White,United States,United States,United States,English,No,Unemployed (and job seeking)
6566a0a587073b80189317a9,633a480b78c808fbce75f0e9,AWAITING REVIEW,2023-11-29T02:23:36.553000Z,2023-11-29T02:26:53.088000Z,,2023-11-29T02:26:53.579581Z,197.0,CU04BQOF,271,30,Male,White,United States,United States,United States,English,DATA_EXPIRED,DATA_EXPIRED
6566a0ae36510557a1c9be65,655780dccd5e0509a5df230f,AWAITING REVIEW,2023-11-29T02:23:47.877000Z,2023-11-29T02:28:40.282000Z,,2023-11-29T02:28:40.712944Z,293.0,CU04BQOF,26,40,Male,White,United States,United States,United States,English,No,DATA_EXPIRED
6566a0cb8c802d9bf8a86491,63f7e098e99a7db2d59ac6ce,AWAITING REVIEW,2023-11-29T02:24:14.544000Z,2023-11-29T02:26:52.596000Z,,2023-11-29T02:26:53.124121Z,159.0,CU04BQOF,2168,35,Male,White,United States,United States,United States,English,No,Full-Time
6566a0cc1f70541c740d82f8,57309f6b30a556000fecdd47,AWAITING REVIEW,2023-11-29T02:25:28.917000Z,2023-11-29T02:29:49.288000Z,,2023-11-29T02:29:49.812428Z,261.0,CU04BQOF,4795,43,Male,Asian,United States,United States,United States,English,DATA_EXPIRED,DATA_EXPIRED
6566a0f4e456db39a4fe9787,6459b8128544c7f22edba161,AWAITING REVIEW,2023-11-29T02:24:55.043000Z,2023-11-29T02:37:41.033000Z,,2023-11-29T02:37:42.499473Z,766.0,CU04BQOF,1118,37,Male,White,United States,United States,United States,English,DATA_EXPIRED,DATA_EXPIRED
6566a10158ca02d8320d827f,5fb1ed28e6d35874d598b740,AWAITING REVIEW,2023-11-29T02:25:08.211000Z,2023-11-29T02:27:19.235000Z,,2023-11-29T02:27:19.743834Z,132.0,CU04BQOF,149,24,Male,White,United States,United States,United States,English,No,DATA_EXPIRED
6566a132724c84439aa8a2b0,63d40dec072d08076c329bf2,AWAITING REVIEW,2023-11-29T02:26:00.618000Z,2023-11-29T02:28:17.935000Z,,2023-11-29T02:28:18.465606Z,138.0,CU04BQOF,485,33,Male,Mixed,United States,United States,United States,English,DATA_EXPIRED,DATA_EXPIRED
6566a1628ed41959d603186d,5962ceff8474920001bd266e,AWAITING REVIEW,2023-11-29T02:26:53.391000Z,2023-11-29T02:29:07.697000Z,,2023-11-29T02:29:08.178901Z,135.0,CU04BQOF,2752,32,Male,White,United States,United States,United States,English,DATA_EXPIRED,DATA_EXPIRED
6566a16c87073b80189317c4,633259075c2d3571332bdae7,AWAITING REVIEW,2023-11-29T02:26:55.949000Z,2023-11-29T02:30:49.186000Z,,2023-11-29T02:30:49.952256Z,234.0,CU04BQOF,491,29,Male,Black,United States,United States,United States,English,No,Unemployed (and job seeking)
6566a16c04d8282c11638d1e,5c3027ef69d7820001063974,AWAITING REVIEW,2023-11-29T02:26:57.019000Z,2023-11-29T02:29:37.230000Z,,2023-11-29T02:29:37.657173Z,161.0,CU04BQOF,1791,46,Male,White,United States,United States,United States,English,No,Full-Time
6566a17f111c091f8f99b935,62d560526bd2941f33c9dad6,AWAITING REVIEW,2023-11-29T02:27:14.207000Z,2023-11-29T02:40:35.239000Z,,2023-11-29T02:40:35.715692Z,802.0,CU04BQOF,1399,31,Male,Other,United States,United States,United States,English,Yes,Full-Time
6566a1a02affd70f7f88ef69,55affaf6fdf99b511b4fce1a,AWAITING REVIEW,2023-11-29T02:27:48.873000Z,2023-11-29T02:30:25.387000Z,,2023-11-29T02:30:25.876137Z,157.0,CU04BQOF,650,53,Male,White,United States,United States,United States,English,No,Full-Time
6566a1bd111c091f8f99b938,653bc00977833dd2acdbf79b,AWAITING REVIEW,2023-11-29T02:28:18.235000Z,2023-11-29T02:30:16.638000Z,,2023-11-29T02:30:17.057036Z,119.0,CU04BQOF,289,52,Male,White,United States,United States,United States,English,No,Full-Time
6566a1f1fc6f02e8719daac7,581d50e882c5aa000132ce4f,AWAITING REVIEW,2023-11-29T02:29:14.866000Z,2023-11-29T02:32:11.749000Z,,2023-11-29T02:32:12.247818Z,177.0,CU04BQOF,4371,37,Male,White,United States,United States,United States,English,No,Unemployed (and job seeking)
6566a22c08d3adcd1e9317a9,54afe839fdf99b6f2c1214ce,AWAITING REVIEW,2023-11-29T02:30:09.335000Z,2023-11-29T02:34:00.682000Z,,2023-11-29T02:34:01.209840Z,232.0,CU04BQOF,2289,46,Male,White,United States,United States,United States,English,DATA_EXPIRED,Full-Time
6566a2301f9d446539e0e027,61625a497ae037549b3f9e2a,AWAITING REVIEW,2023-11-29T02:30:11.609000Z,2023-11-29T02:31:34.013000Z,,2023-11-29T02:31:34.500666Z,83.0,CU04BQOF,2041,35,Male,Mixed,United States,United States,United States,English,Yes,Full-Time
6566a231c6e4a946324573c2,60efa510e3cdfbbf4d7c355b,AWAITING REVIEW,2023-11-29T02:30:14.091000Z,2023-11-29T02:32:55.460000Z,,2023-11-29T02:32:56.647731Z,162.0,CU04BQOF,1499,24,Male,White,Brazil,United States,United States,English,No,Full-Time
6566a253bec4d4b746defafd,5748077a5e5491000e3bf711,AWAITING REVIEW,2023-11-29T02:31:51.332000Z,2023-11-29T02:32:57.277000Z,,2023-11-29T02:32:57.766489Z,66.0,CU04BQOF,4517,29,Male,White,United States,United States,United States,English,Yes,Part-Time
6566a254e456db39a4fe97c2,5ec9cf3ed4642d4ebb802b42,AWAITING REVIEW,2023-11-29T02:30:50.739000Z,2023-11-29T02:34:40.809000Z,,2023-11-29T02:34:41.317479Z,231.0,CU04BQOF,2487,56,Male,White,United States,United States,United States,English,No,Full-Time
6566a26759afea8383fb2274,6442e3ecb13f307b6ae70217,AWAITING REVIEW,2023-11-29T02:31:07.384000Z,2023-11-29T02:34:08.935000Z,,2023-11-29T02:34:09.394289Z,182.0,CU04BQOF,787,50,Male,Black,United States,United States,United States,English,No,DATA_EXPIRED
6566a28b1f70541c740d8361,6543b1167662671a4c6be61c,AWAITING REVIEW,2023-11-29T02:31:45.180000Z,2023-11-29T02:33:59.214000Z,,2023-11-29T02:33:59.697043Z,135.0,CU04BQOF,65,36,Male,White,United States,United States,United States,English,No,Full-Time
6566a2a336510557a1c9bec6,5e03acb6398bb6e8d98855b6,AWAITING REVIEW,2023-11-29T02:32:07.746000Z,2023-11-29T02:34:40.956000Z,,2023-11-29T02:34:41.423375Z,154.0,CU04BQOF,308,27,Male,Asian,United States,United States,United States,English,No,Unemployed (and job seeking)
6566a2a3d07b24c4dd19d862,5cfe7510d987a800178eab1a,AWAITING REVIEW,2023-11-29T02:32:08.555000Z,2023-11-29T02:34:00.076000Z,,2023-11-29T02:34:00.622057Z,112.0,CU04BQOF,6433,36,Male,White,United States,United States,United States,English,No,Full-Time
6566a2a42367a9c405a696de,6150a7aff22eb4723de2341a,AWAITING REVIEW,2023-11-29T02:32:07.592000Z,2023-11-29T02:34:52.870000Z,,2023-11-29T02:34:53.385046Z,166.0,CU04BQOF,1377,46,Male,White,United States,United States,United States,English,No,Full-Time
6566a2b04bda2d0bb8696f8c,5e84c817507cd3066a527e5e,AWAITING REVIEW,2023-11-29T02:33:09.308000Z,2023-11-29T02:41:19.268000Z,,2023-11-29T02:41:19.841483Z,490.0,CU04BQOF,1448,43,Male,Asian,Thailand,United States,United States,English,No,Part-Time
6566a2baa8c58b2ef7defbbc,61699743bb6d44b1d978e630,AWAITING REVIEW,2023-11-29T02:33:09.669000Z,2023-11-29T02:39:54.994000Z,,2023-11-29T02:39:55.683979Z,406.0,CU04BQOF,1295,25,Male,Black,United States,United States,United States,English,DATA_EXPIRED,DATA_EXPIRED
6566a2c1e456db39a4fe97e2,5f4bbf82fffa8779d1d4b082,AWAITING REVIEW,2023-11-29T02:32:38.896000Z,2023-11-29T02:37:39.569000Z,,2023-11-29T02:37:40.062054Z,301.0,CU04BQOF,5516,38,Male,White,United States,United States,United States,English,No,Full-Time
6566a2c92affd70f7f88ef96,6397bcc95a5e903a262566bb,AWAITING REVIEW,2023-11-29T02:33:02.023000Z,2023-11-29T02:35:34.753000Z,,2023-11-29T02:35:35.266851Z,153.0,CU04BQOF,1168,28,Male,Mixed,United States,United States,United States,English,Yes,DATA_EXPIRED
6566a2cd2affd70f7f88ef98,62d21a095ad69a4459f6d664,AWAITING REVIEW,2023-11-29T02:32:48.868000Z,2023-11-29T02:34:08.058000Z,,2023-11-29T02:34:08.516749Z,80.0,CU04BQOF,802,40,Male,White,United States,United States,United States,English,No,Full-Time
6566a5b8846aad7c03a5715c,63316daa57747115376760da,AWAITING REVIEW,2023-11-29T02:45:15.784000Z,2023-11-29T02:48:51.629000Z,,2023-11-29T02:48:52.128992Z,216.0,CU04BQOF,2194,52,Male,White,United States,United States,United States,English,No,DATA_EXPIRED
6566a956646caba24fc171ae,5e98ae20be425f0e61330c39,AWAITING REVIEW,2023-11-29T03:00:41.510000Z,2023-11-29T03:01:51.335000Z,,2023-11-29T03:01:52.234601Z,70.0,CU04BQOF,890,43,Male,White,United States,United States,United States,English,No,Full-Time
656697704bda2d0bb8696d6d,65649536de378d6c36a6266b,AWAITING REVIEW,2023-11-29T01:44:22.427000Z,2023-11-29T01:48:19.642000Z,,2023-11-29T01:48:20.096516Z,238.0,CU04BQOF,2,36,Female,Black,United States,United States,United States,English,No,Full-Time
656697aaa8c58b2ef7def9b3,57a8abb3dcff7d0001c7d5a3,AWAITING REVIEW,2023-11-29T01:45:18.151000Z,2023-11-29T01:48:45.531000Z,,2023-11-29T01:48:46.014114Z,208.0,CU04BQOF,544,29,Female,White,United States,United States,United States,English,No,DATA_EXPIRED
65669934ea15de5f69b6dea1,5bb9f9dad5330e000101a241,AWAITING REVIEW,2023-11-29T01:51:50.788000Z,2023-11-29T01:54:42.329000Z,,2023-11-29T01:54:42.824056Z,172.0,CU04BQOF,868,33,Female,Asian,United States,United States,United States,English,No,Full-Time
6566996d08d3adcd1e931553,5ff501a5c92b36cd57eb1bc1,AWAITING REVIEW,2023-11-29T01:56:58.962000Z,2023-11-29T02:07:07.220000Z,,2023-11-29T02:07:07.692947Z,609.0,CU04BQOF,467,32,Female,White,United States,United States,United States,English,No,Unemployed (and job seeking)
65669a31e456db39a4fe964b,60ff723ca9d36734a272bd17,AWAITING REVIEW,2023-11-29T01:56:04.952000Z,2023-11-29T01:57:34.068000Z,,2023-11-29T01:57:34.582535Z,90.0,CU04BQOF,335,22,Female,White,United States,United States,United States,English,No,Full-Time
65669ab54d60d27a22f8fca4,65047b2a7db823fd627efad7,AWAITING REVIEW,2023-11-29T01:58:18.668000Z,2023-11-29T02:01:22.709000Z,,2023-11-29T02:01:23.158160Z,185.0,CU04BQOF,35,27,Female,Mixed,United States,United States,United States,English,No,Full-Time
65669bab0a113169e92d6779,656641400551b87c721e6fc3,AWAITING REVIEW,2023-11-29T02:02:23.175000Z,2023-11-29T02:05:55.283000Z,,2023-11-29T02:05:55.714834Z,213.0,CU04BQOF,2,20,Female,Other,United States,United States,United States,English,No,Unemployed (and job seeking)
65669bc8f70ce039119da3cb,5e8c0ebdcd34af1040492ef8,AWAITING REVIEW,2023-11-29T02:02:52.012000Z,2023-11-29T02:05:13.485000Z,,2023-11-29T02:05:13.937993Z,142.0,CU04BQOF,3,33,Female,DATA_EXPIRED,United States,United States,United States,English,Yes,DATA_EXPIRED
65669bed76a985a8ece4bfda,57db16a1a4e40600014e9040,AWAITING REVIEW,2023-11-29T02:03:30.306000Z,2023-11-29T02:06:04.458000Z,,2023-11-29T02:06:04.917539Z,155.0,CU04BQOF,1847,43,Female,White,United States,United States,United States,English,DATA_EXPIRED,DATA_EXPIRED
65669c7b64b9a8a9a56acabf,5c3fe471d5af20000171dcbc,AWAITING REVIEW,2023-11-29T02:05:53.091000Z,2023-11-29T02:08:15.490000Z,,2023-11-29T02:08:15.964937Z,143.0,CU04BQOF,955,35,Female,White,United States,United States,United States,English,No,Full-Time
65669cb31f70541c740d81fa,60d905d968d5d28e18ee58a1,AWAITING REVIEW,2023-11-29T02:06:46.580000Z,2023-11-29T02:10:52.919000Z,,2023-11-29T02:10:53.403966Z,247.0,CU04BQOF,1155,34,Female,White,United States,United States,United States,English,No,DATA_EXPIRED
65669cb34d60d27a22f8fd18,6533e310e09ad32adda79f77,AWAITING REVIEW,2023-11-29T02:06:49.226000Z,2023-11-29T02:08:25.246000Z,,2023-11-29T02:08:26.040025Z,97.0,CU04BQOF,40,60,Female,White,United States,United States,United States,English,No,Part-Time
65669d3904d8282c11638c1f,62d9905bbaae7f1e0113c6e6,AWAITING REVIEW,2023-11-29T02:09:01.389000Z,2023-11-29T02:11:37.085000Z,,2023-11-29T02:11:37.752955Z,156.0,CU04BQOF,1017,52,Female,White,United States,United States,United States,English,No,DATA_EXPIRED
65669d3a35fd00183bd58ed2,654910750fecaf3485187277,AWAITING REVIEW,2023-11-29T02:09:06.328000Z,2023-11-29T02:10:33.799000Z,,2023-11-29T02:10:34.351832Z,88.0,CU04BQOF,8,44,Female,White,United States,United States,United States,English,No,Full-Time
65669d89f0613e685f50a79a,6131801c70f5f49c3bdf7010,AWAITING REVIEW,2023-11-29T02:10:22.167000Z,2023-11-29T02:13:02.259000Z,,2023-11-29T02:13:02.762613Z,161.0,CU04BQOF,708,39,Female,White,United States,United States,United States,English,DATA_EXPIRED,DATA_EXPIRED
65669db587073b8018931741,614e16566e663a5e419d606d,AWAITING REVIEW,2023-11-29T02:11:07.804000Z,2023-11-29T02:13:57.108000Z,,2023-11-29T02:13:57.561219Z,170.0,CU04BQOF,686,31,Female,Asian,United States,United States,United States,English,No,Full-Time
65669dc00a113169e92d682b,60ff83da6b1bee23abb427a4,AWAITING REVIEW,2023-11-29T02:11:18.285000Z,2023-11-29T02:14:37.507000Z,,2023-11-29T02:14:38.048895Z,200.0,CU04BQOF,481,24,Female,Black,United States,United States,United States,English,Yes,Part-Time
65669debb504cf0bec20cb62,61511105a75b2b13223c9517,AWAITING REVIEW,2023-11-29T02:12:01.618000Z,2023-11-29T02:41:05.858000Z,,2023-11-29T02:41:06.348266Z,1745.0,CU04BQOF,14,31,Female,White,United States,United States,United States,English,No,Unemployed (and job seeking)
65669e0d3bc10adaf1c16ad5,64d53f3f9885e325d957590d,AWAITING REVIEW,2023-11-29T02:12:37.542000Z,2023-11-29T02:17:05.639000Z,,2023-11-29T02:17:06.142023Z,269.0,CU04BQOF,235,48,Female,White,United States,United States,United States,English,No,DATA_EXPIRED
65669e72f70ce039119da442,5fc54a4839204604d13affd5,AWAITING REVIEW,2023-11-29T02:14:46.795000Z,2023-11-29T02:22:12.150000Z,,2023-11-29T02:22:12.762172Z,446.0,CU04BQOF,2535,44,Female,White,United States,United States,United States,English,No,DATA_EXPIRED
65669e86110864dba2b6dc40,5ab983a39534ba0001c6c342,AWAITING REVIEW,2023-11-29T02:14:38.586000Z,2023-11-29T02:19:41.007000Z,,2023-11-29T02:19:41.594956Z,303.0,CU04BQOF,615,66,Female,White,Germany,United States,United States,English,DATA_EXPIRED,DATA_EXPIRED
65669e94d07b24c4dd19d78d,63d414f95753ac660a9e09e1,AWAITING REVIEW,2023-11-29T02:14:49.789000Z,2023-11-29T02:17:33.063000Z,,2023-11-29T02:17:33.553258Z,164.0,CU04BQOF,379,43,Female,Mixed,United States,United States,United States,English,Yes,Unemployed (and job seeking)
65669ed63bc10adaf1c16afe,5938e042e9b44100013ae891,AWAITING REVIEW,2023-11-29T02:21:50.854000Z,2023-11-29T02:26:19.577000Z,,2023-11-29T02:26:20.070632Z,269.0,CU04BQOF,6609,38,Female,White,United States,United States,United States,English,No,Full-Time
65669ed784fb2d02d119d57a,6547e851a5ff72124cb9fb1d,AWAITING REVIEW,2023-11-29T02:15:57.520000Z,2023-11-29T02:20:56.878000Z,,2023-11-29T02:20:57.262402Z,300.0,CU04BQOF,44,40,Female,White,United States,United States,United States,English,No,DATA_EXPIRED
65669eddb89dfff9b55413dc,65602b114d91f764e2a42ec2,AWAITING REVIEW,2023-11-29T02:16:22.145000Z,2023-11-29T02:19:40.639000Z,,2023-11-29T02:19:41.047345Z,199.0,CU04BQOF,4,44,Female,Black,United States,United States,United States,English,No,Full-Time
65669ee169669c583899b7ae,61095cf850b50fc3ae2ee248,AWAITING REVIEW,2023-11-29T02:16:05.739000Z,2023-11-29T02:18:30.685000Z,,2023-11-29T02:18:31.112606Z,145.0,CU04BQOF,393,23,Female,White,United States,United States,United States,English,No,Part-Time
65669efcd07b24c4dd19d7a8,5f481a825080c619ea3709b0,AWAITING REVIEW,2023-11-29T02:16:32.751000Z,2023-11-29T02:20:49.724000Z,,2023-11-29T02:20:50.297641Z,257.0,CU04BQOF,2397,44,Female,Black,United States,United States,United States,English,No,Part-Time
65669eff35e5f96210d58e8d,61114da844c3ebcadad75deb,AWAITING REVIEW,2023-11-29T02:16:41.559000Z,2023-11-29T02:22:35.114000Z,,2023-11-29T02:22:35.632910Z,354.0,CU04BQOF,742,45,Female,White,United States,United States,United States,English,No,DATA_EXPIRED
65669f0287073b8018931775,5dc36b196c76b327ca120b23,AWAITING REVIEW,2023-11-29T02:16:46.359000Z,2023-11-29T02:19:54.310000Z,,2023-11-29T02:19:54.863420Z,188.0,CU04BQOF,350,33,Female,Mixed,United States,United States,United States,English,No,DATA_EXPIRED
65669f03bc72801e72a8a770,6562a8836e59ef440f007229,AWAITING REVIEW,2023-11-29T02:16:40.206000Z,2023-11-29T02:18:39.142000Z,,2023-11-29T02:18:39.635318Z,119.0,CU04BQOF,8,43,Female,Asian,United States,United States,United States,English,No,DATA_EXPIRED
65669f11c5fcf650de218019,610cb2e82784ac6af6469fc5,AWAITING REVIEW,2023-11-29T02:16:53.636000Z,2023-11-29T02:19:05.288000Z,,2023-11-29T02:19:05.788822Z,132.0,CU04BQOF,3657,30,Female,White,United States,United States,United States,English,No,Full-Time
65669f389ddce043902d65c8,6066736bd2119d9d5f7232eb,AWAITING REVIEW,2023-11-29T02:17:32.618000Z,2023-11-29T02:21:04.191000Z,,2023-11-29T02:21:04.669435Z,212.0,CU04BQOF,1191,56,Female,White,United States,United States,United States,English,No,Part-Time
65669f3f08d3adcd1e931700,5f00aaa0b864761ce8828d1e,AWAITING REVIEW,2023-11-29T02:17:38.237000Z,2023-11-29T02:19:54.967000Z,,2023-11-29T02:19:55.452811Z,137.0,CU04BQOF,609,22,Female,Black,United States,United States,United States,English,Yes,DATA_EXPIRED
65669f581f70541c740d82a4,6564e143b65aad826f6cdf7a,AWAITING REVIEW,2023-11-29T02:18:06.310000Z,2023-11-29T02:19:48.291000Z,,2023-11-29T02:19:48.726520Z,102.0,CU04BQOF,2,18,Female,Asian,United States,United States,United States,English,Yes,Other
65669f7a846aad7c03a5706a,5f9c755c87a954121022de9e,AWAITING REVIEW,2023-11-29T02:18:39.558000Z,2023-11-29T02:20:57.487000Z,,2023-11-29T02:20:58.104971Z,138.0,CU04BQOF,2184,26,Female,Mixed,United States,United States,United States,English,No,Full-Time
65669f9d846aad7c03a5706e,62869a1b7fff9c9a48fe6087,AWAITING REVIEW,2023-11-29T02:19:15.669000Z,2023-11-29T02:21:55.928000Z,,2023-11-29T02:21:56.399671Z,161.0,CU04BQOF,1542,59,Female,White,United States,United States,United States,English,No,Full-Time
65669fab69669c583899b7de,6111735eaf7cead6ae8e2b8b,AWAITING REVIEW,2023-11-29T02:19:28.918000Z,2023-11-29T02:23:10.168000Z,,2023-11-29T02:23:10.638094Z,222.0,CU04BQOF,286,28,Female,White,United States,United States,United States,English,No,Part-Time
65669fad69669c583899b7df,5be2f3db4616da00010def19,AWAITING REVIEW,2023-11-29T02:19:28.648000Z,2023-11-29T02:24:03.200000Z,,2023-11-29T02:24:03.757038Z,275.0,CU04BQOF,5064,43,Female,White,United States,United States,United States,English,Yes,Full-Time
65669fbf6604d6d4dd4571dd,6564e02ee525798abc35ba1d,AWAITING REVIEW,2023-11-29T02:19:52.920000Z,2023-11-29T02:29:11.508000Z,,2023-11-29T02:29:12.021274Z,559.0,CU04BQOF,11,63,Female,Black,United States,United States,United States,English,No,DATA_EXPIRED
65669fd4b504cf0bec20cbca,5e69987e0873d600084bc920,AWAITING REVIEW,2023-11-29T02:20:09.691000Z,2023-11-29T02:24:46.729000Z,,2023-11-29T02:24:47.327838Z,278.0,CU04BQOF,3125,30,Female,White,United States,United States,United States,English,No,Full-Time
65669fdc9f709efdc4031a3a,6014213c77aab7396ca3e5a7,AWAITING REVIEW,2023-11-29T02:20:17.426000Z,2023-11-29T02:22:02.263000Z,,2023-11-29T02:22:02.756162Z,105.0,CU04BQOF,4005,50,Female,White,United States,United States,United States,English,No,Full-Time
65669fdfcfb7179a1e20ccde,63d79678fb8c1b9072646c0a,AWAITING REVIEW,2023-11-29T02:20:37.835000Z,2023-11-29T02:27:42.523000Z,,2023-11-29T02:27:43.027402Z,425.0,CU04BQOF,757,51,Female,White,United States,United States,United States,English,No,"Not in paid work (e.g. homemaker', 'retired or disabled)"
6566a0062affd70f7f88ef13,636330b7f97a8198974a367f,AWAITING REVIEW,2023-11-29T02:21:00.754000Z,2023-11-29T02:23:32.264000Z,,2023-11-29T02:23:32.752402Z,152.0,CU04BQOF,1375,32,Female,White,United States,United States,United States,English,DATA_EXPIRED,Full-Time
6566a00904d8282c11638cd9,65652e00d1afb42ba1a55a89,AWAITING REVIEW,2023-11-29T02:21:02.502000Z,2023-11-29T02:27:09.616000Z,,2023-11-29T02:27:10.050315Z,368.0,CU04BQOF,4,46,Female,DATA_EXPIRED,United States,United States,United States,English,No,DATA_EXPIRED
6566a00b4bda2d0bb8696f37,5f8adfc098514819aa26381f,AWAITING REVIEW,2023-11-29T02:21:07.169000Z,2023-11-29T02:25:33.707000Z,,2023-11-29T02:25:34.207874Z,267.0,CU04BQOF,509,25,Female,White,United States,United States,United States,English,No,Unemployed (and job seeking)
6566a0109e98445866f97601,65661c6448e2bdf5ad2d344d,AWAITING REVIEW,2023-11-29T02:21:13.123000Z,2023-11-29T02:22:34.024000Z,,2023-11-29T02:22:34.552019Z,81.0,CU04BQOF,2,54,Female,White,United States,United States,United States,English,DATA_EXPIRED,DATA_EXPIRED
6566a032110864dba2b6dcac,5cf31154eed13700013c1417,AWAITING REVIEW,2023-11-29T02:21:42.652000Z,2023-11-29T02:24:07.579000Z,,2023-11-29T02:24:08.113142Z,145.0,CU04BQOF,1486,54,Female,White,United States,United States,United States,English,No,DATA_EXPIRED
6566a039f0613e685f50a81f,5d62dd02d556f20015807921,AWAITING REVIEW,2023-11-29T02:21:51.498000Z,2023-11-29T02:23:41.544000Z,,2023-11-29T02:23:42.033000Z,111.0,CU04BQOF,2109,35,Female,Black,United States,United States,United States,English,No,Full-Time
6566a04fbc72801e72a8a7b3,60fdde0a68c4749b14067099,AWAITING REVIEW,2023-11-29T02:22:10.468000Z,2023-11-29T02:25:08.690000Z,,2023-11-29T02:25:09.135556Z,179.0,CU04BQOF,619,21,Female,White,United States,United States,United States,English,Yes,Full-Time
6566a05574acc672e1deba84,62fd20eea4b9216ae42bacc6,AWAITING REVIEW,2023-11-29T02:22:39.595000Z,2023-11-29T02:26:08.178000Z,,2023-11-29T02:26:08.945312Z,209.0,CU04BQOF,334,46,Female,White,United States,United States,United States,English,Yes,DATA_EXPIRED
6566a05e680f02bcfb4d7575,549b8ef4fdf99b4ffa5fa0c9,AWAITING REVIEW,2023-11-29T02:22:25.607000Z,2023-11-29T02:25:08.615000Z,,2023-11-29T02:25:09.117990Z,164.0,CU04BQOF,2205,48,Female,White,United States,United States,United States,English,No,Full-Time
6566a062f70ce039119da491,600150a39d652729f84daf83,AWAITING REVIEW,2023-11-29T02:22:39.307000Z,2023-11-29T02:28:13.610000Z,,2023-11-29T02:28:14.082742Z,335.0,CU04BQOF,3708,39,Female,White,United States,United States,United States,English,No,Full-Time
6566a06fbc72801e72a8a7b6,65654d89443092badedb7c03,AWAITING REVIEW,2023-11-29T02:22:43.864000Z,2023-11-29T02:29:48.829000Z,,2023-11-29T02:29:49.304132Z,425.0,CU04BQOF,7,30,Female,White,United States,United States,United States,English,No,"Not in paid work (e.g. homemaker', 'retired or disabled)"
6566a086e08eff75563c1070,5e991aaac7bc1615ea5b3eb8,AWAITING REVIEW,2023-11-29T02:23:05.947000Z,2023-11-29T02:26:20.358000Z,,2023-11-29T02:26:20.884235Z,195.0,CU04BQOF,3858,65,Female,White,United States,United States,United States,English,No,Full-Time
6566a094a1f837b2e94d72d8,65088c0b395fa983448de8dd,AWAITING REVIEW,2023-11-29T02:23:22.035000Z,2023-11-29T02:25:05.308000Z,,2023-11-29T02:25:05.782138Z,104.0,CU04BQOF,117,20,Female,Other,United States,United States,United States,English,Yes,Part-Time
6566a0976604d6d4dd457209,646bbb2b727f660f5ec8f1c9,AWAITING REVIEW,2023-11-29T02:23:23.795000Z,2023-11-29T02:27:53.156000Z,,2023-11-29T02:27:53.666290Z,270.0,CU04BQOF,1095,52,Female,White,United States,United States,United States,English,DATA_EXPIRED,DATA_EXPIRED
6566a0c0c6e4a94632457394,5cacd539c8e337001dbf3bd1,AWAITING REVIEW,2023-11-29T02:24:04.497000Z,2023-11-29T02:26:08.770000Z,,2023-11-29T02:26:09.741739Z,125.0,CU04BQOF,1340,28,Female,White,United States,United States,United States,English,No,Full-Time
6566a0c9f504c80915a56ba1,61575bacd55c569c0dee872f,AWAITING REVIEW,2023-11-29T02:24:12.724000Z,2023-11-29T02:25:46.487000Z,,2023-11-29T02:25:46.921981Z,94.0,CU04BQOF,70,30,Female,Black,United States,United States,United States,English,No,"Not in paid work (e.g. homemaker', 'retired or disabled)"
6566a0e4f3b9753e42e2df44,5cc0b9bccedf2000012afc45,AWAITING REVIEW,2023-11-29T02:24:45.214000Z,2023-11-29T02:28:02.561000Z,,2023-11-29T02:28:02.989373Z,198.0,CU04BQOF,3088,70,Female,White,United States,United States,United States,English,No,"Not in paid work (e.g. homemaker', 'retired or disabled)"
6566a0e8bc72801e72a8a7d6,62029a39ef1cb18a1337c5e3,AWAITING REVIEW,2023-11-29T02:24:45.247000Z,2023-11-29T02:28:10.617000Z,,2023-11-29T02:28:11.238929Z,206.0,CU04BQOF,1998,52,Female,White,United States,United States,United States,English,No,Full-Time
6566a0f35f3ef34895e0e27f,5d30eee5e7ca2e001bd4091b,AWAITING REVIEW,2023-11-29T02:24:55.701000Z,2023-11-29T02:26:57.641000Z,,2023-11-29T02:26:58.188223Z,122.0,CU04BQOF,5087,40,Female,White,United States,United States,United States,English,Yes,Full-Time
6566a1477388e6de56a86717,5bd7cf3f3dac81000124bbcd,AWAITING REVIEW,2023-11-29T02:26:19.469000Z,2023-11-29T02:29:52.987000Z,,2023-11-29T02:29:53.475754Z,214.0,CU04BQOF,783,31,Female,White,United States,United States,United States,English,No,Full-Time
6566a14a814efa386b217def,656550235189b3b8bd39f3b8,AWAITING REVIEW,2023-11-29T02:26:27.005000Z,2023-11-29T02:31:45.043000Z,,2023-11-29T02:31:45.675216Z,319.0,CU04BQOF,20,60,Female,Black,United States,United States,United States,English,No,DATA_EXPIRED
6566a14c96df636d90acb543,650602caaf8bfaea9b0ac6ae,AWAITING REVIEW,2023-11-29T02:26:22.422000Z,2023-11-29T02:29:41.229000Z,,2023-11-29T02:29:41.734831Z,199.0,CU04BQOF,222,32,Female,White,United States,United States,United States,English,No,Full-Time
6566a18b1f9d446539e0e009,63f7eb4fd0c75f760998818c,AWAITING REVIEW,2023-11-29T02:27:27.656000Z,2023-11-29T02:31:10.826000Z,,2023-11-29T02:31:11.300330Z,224.0,CU04BQOF,1224,32,Female,White,United States,United States,United States,English,DATA_EXPIRED,DATA_EXPIRED
6566a19808d3adcd1e931790,5bf5ab78f35e0c000101b657,AWAITING REVIEW,2023-11-29T02:27:41.503000Z,2023-11-29T02:29:54.797000Z,,2023-11-29T02:29:55.195976Z,134.0,CU04BQOF,1171,31,Female,White,United States,United States,United States,English,DATA_EXPIRED,DATA_EXPIRED
6566a1a908d3adcd1e931793,5dd034d1fce606114e3bb8e0,AWAITING REVIEW,2023-11-29T02:27:57.899000Z,2023-11-29T02:31:55.207000Z,,2023-11-29T02:31:55.675428Z,238.0,CU04BQOF,3170,58,Female,White,United States,United States,United States,English,No,Full-Time
6566a1aca8c58b2ef7defb82,656607b0de809871a577ac96,AWAITING REVIEW,2023-11-29T02:28:03.071000Z,2023-11-29T02:29:45.893000Z,,2023-11-29T02:29:46.421734Z,103.0,CU04BQOF,2,54,Female,Black,United States,United States,United States,English,No,DATA_EXPIRED
6566a1ac7388e6de56a86724,614f64af286f5a5cc8fa849d,AWAITING REVIEW,2023-11-29T02:28:01.677000Z,2023-11-29T02:30:17.468000Z,,2023-11-29T02:30:17.981797Z,136.0,CU04BQOF,1495,28,Female,Asian,India,United States,United States,English,DATA_EXPIRED,DATA_EXPIRED
6566a1b16915b154b86acbf8,546ebcd9fdf99b2bc7ebd030,AWAITING REVIEW,2023-11-29T02:28:05.723000Z,2023-11-29T02:31:14.469000Z,,2023-11-29T02:31:14.945855Z,189.0,CU04BQOF,1015,58,Female,White,United States,United States,United States,English,No,Full-Time
6566a1cd58ca02d8320d829e,5e3b759740e302397f294a2d,AWAITING REVIEW,2023-11-29T02:28:41.102000Z,2023-11-29T02:30:25.399000Z,,2023-11-29T02:30:25.947818Z,105.0,CU04BQOF,1238,25,Female,Asian,United States,United States,United States,English,Yes,Part-Time
6566a1d53740ed2e125414de,6025aeaea2c27e19e096f29d,AWAITING REVIEW,2023-11-29T02:28:40.321000Z,2023-11-29T02:31:18.947000Z,,2023-11-29T02:31:19.382366Z,159.0,CU04BQOF,719,40,Female,White,United States,United States,United States,English,No,Other
6566a1d664b9a8a9a56acb13,55b6ed4afdf99b437183fa6f,AWAITING REVIEW,2023-11-29T02:28:46.927000Z,2023-11-29T02:35:58.002000Z,,2023-11-29T02:35:58.449796Z,432.0,CU04BQOF,4486,50,Female,White,United States,United States,United States,English,No,Full-Time
6566a1e09f709efdc4031ab4,627a67e16fde61ab21003956,AWAITING REVIEW,2023-11-29T02:29:02.178000Z,2023-11-29T02:31:20.570000Z,,2023-11-29T02:31:21.106572Z,139.0,CU04BQOF,1158,24,Female,White,United States,United States,United States,English,DATA_EXPIRED,DATA_EXPIRED
6566a1e1bec4d4b746defae9,627e9c9eeda3f513a8c6c548,AWAITING REVIEW,2023-11-29T02:28:52.311000Z,2023-11-29T02:30:53.086000Z,,2023-11-29T02:30:53.600010Z,121.0,CU04BQOF,1349,43,Female,White,United States,United States,United States,English,No,Part-Time
6566a1f9569a039c1a638e26,63bda53b525aeabb92ddd6ec,AWAITING REVIEW,2023-11-29T02:29:25.645000Z,2023-11-29T02:32:36.917000Z,,2023-11-29T02:32:37.427967Z,192.0,CU04BQOF,1019,42,Female,White,United States,United States,United States,English,No,DATA_EXPIRED
6566a1fa646caba24fc17006,60fe04ef652fd1fafaa4ae50,AWAITING REVIEW,2023-11-29T02:29:19.057000Z,2023-11-29T02:33:28.989000Z,,2023-11-29T02:33:30.471353Z,250.0,CU04BQOF,2473,26,Female,White,United States,United States,United States,English,No,Due to start a new job within the next month
6566a1ff724c84439aa8a2d4,653913d2a261d24c68370845,AWAITING REVIEW,2023-11-29T02:29:23.946000Z,2023-11-29T02:33:56.218000Z,,2023-11-29T02:33:56.926390Z,273.0,CU04BQOF,253,42,Female,White,United States,United States,United States,English,Yes,Full-Time
6566a206fc6f02e8719daacd,5b70ed4b99982e000145eb7b,AWAITING REVIEW,2023-11-29T02:31:13.114000Z,2023-11-29T02:34:45.390000Z,,2023-11-29T02:34:45.914778Z,213.0,CU04BQOF,4874,37,Female,White,United States,United States,United States,English,No,"Not in paid work (e.g. homemaker', 'retired or disabled)"
6566a20f08d3adcd1e9317a5,6556b6e6f5259aeca4bf5127,AWAITING REVIEW,2023-11-29T02:29:39.819000Z,2023-11-29T02:33:44.751000Z,,2023-11-29T02:33:45.251818Z,245.0,CU04BQOF,0,18,Female,Other,United States,United States,United States,English,Yes,DATA_EXPIRED
6566a21d680f02bcfb4d75af,6313bca352b1b9dacd2446e5,AWAITING REVIEW,2023-11-29T02:29:59.435000Z,2023-11-29T02:31:36.201000Z,,2023-11-29T02:31:36.640524Z,97.0,CU04BQOF,964,32,Female,White,United States,United States,United States,English,No,DATA_EXPIRED
6566a2219e98445866f9766a,5eace152e25d6800091dd418,AWAITING REVIEW,2023-11-29T02:29:57.075000Z,2023-11-29T02:46:45.250000Z,,2023-11-29T02:46:45.703083Z,1009.0,CU04BQOF,4178,44,Female,Black,United States,United States,United States,English,DATA_EXPIRED,DATA_EXPIRED
6566a23896df636d90acb578,5a79f14a8fe2dc00010593eb,AWAITING REVIEW,2023-11-29T02:30:20.300000Z,2023-11-29T02:34:12.435000Z,,2023-11-29T02:34:13.059644Z,233.0,CU04BQOF,5090,33,Female,White,United States,United States,United States,English,No,Full-Time
6566a242e090c0b024696f07,57a2caf8275be6000135b3aa,AWAITING REVIEW,2023-11-29T02:30:30.644000Z,2023-11-29T02:38:43.389000Z,,2023-11-29T02:38:44.370740Z,493.0,CU04BQOF,4116,31,Female,Black,United States,United States,United States,English,No,DATA_EXPIRED
6566a2502367a9c405a696cd,56cb15ad64c068000b4d7ca5,AWAITING REVIEW,2023-11-29T02:30:44.280000Z,2023-11-29T02:34:26.313000Z,,2023-11-29T02:34:26.840077Z,223.0,CU04BQOF,1189,27,Female,Mixed,Sint Maarten (Dutch part),United States,United States,English,No,Other
6566a2696604d6d4dd457282,54af2a48fdf99b09c01b3801,AWAITING REVIEW,2023-11-29T02:31:08.039000Z,2023-11-29T02:33:15.617000Z,,2023-11-29T02:33:16.073102Z,128.0,CU04BQOF,4420,27,Female,Asian,United States,United States,United States,English,DATA_EXPIRED,DATA_EXPIRED
6566a275e08eff75563c10cb,6103a6a5b1d93e18d85a6f23,AWAITING REVIEW,2023-11-29T02:31:22.402000Z,2023-11-29T02:33:07.167000Z,,2023-11-29T02:33:07.754611Z,105.0,CU04BQOF,1857,23,Female,Mixed,United States,United States,United States,English,No,"Not in paid work (e.g. homemaker', 'retired or disabled)"
6566a28e74acc672e1debb0d,5654171504212700054a12ad,AWAITING REVIEW,2023-11-29T02:32:23.256000Z,2023-11-29T02:34:35.931000Z,,2023-11-29T02:34:36.435423Z,133.0,CU04BQOF,960,41,Female,Black,United States,United States,United States,English,DATA_EXPIRED,DATA_EXPIRED
6566a41b4244f2fafa50d4de,61267e282a445af9eb95beae,AWAITING REVIEW,2023-11-29T02:38:35.725000Z,2023-11-29T02:41:24.694000Z,,2023-11-29T02:41:25.204158Z,169.0,CU04BQOF,1257,36,Female,White,United States,United States,United States,English,No,"Not in paid work (e.g. homemaker', 'retired or disabled)"
6566a72bf504c80915a56cf0,63f519601c333d44a17bb35a,AWAITING REVIEW,2023-11-29T02:51:28.454000Z,2023-11-29T02:53:55.318000Z,,2023-11-29T02:53:55.773912Z,147.0,CU04BQOF,1158,19,Female,White,United States,United States,United States,English,Yes,Part-Time
65669d58ab339cb1ca88ed97,5e4b0a984b82f7023eb79b1a,RETURNED,2023-11-29T02:09:32.867000Z,,,,,,201,CONSENT_REVOKED,CONSENT_REVOKED,CONSENT_REVOKED,CONSENT_REVOKED,CONSENT_REVOKED,CONSENT_REVOKED,CONSENT_REVOKED,CONSENT_REVOKED,CONSENT_REVOKED
65669df596df636d90acb45e,63bc9c09666a2b909d967a98,TIMED-OUT,2023-11-29T02:12:16.404000Z,,,,3020.0,,89,32,Male,Asian,Korea,United States,United States,English,No,DATA_EXPIRED
65669ef808d3adcd1e9316f0,6172430a2fbf1383e0493223,RETURNED,2023-11-29T02:26:24.356000Z,,,,,,1139,CONSENT_REVOKED,CONSENT_REVOKED,CONSENT_REVOKED,CONSENT_REVOKED,CONSENT_REVOKED,CONSENT_REVOKED,CONSENT_REVOKED,CONSENT_REVOKED,CONSENT_REVOKED
65669f5458ca02d8320d8243,5dd3301ff3b7c233e991e522,RETURNED,2023-11-29T02:18:01.210000Z,,,,,,3588,CONSENT_REVOKED,CONSENT_REVOKED,CONSENT_REVOKED,CONSENT_REVOKED,CONSENT_REVOKED,CONSENT_REVOKED,CONSENT_REVOKED,CONSENT_REVOKED,CONSENT_REVOKED
65669f80c6fbc1970da690eb,65497c8c2d854fde136c7d0a,RETURNED,2023-11-29T02:18:44.588000Z,,,,,,37,CONSENT_REVOKED,CONSENT_REVOKED,CONSENT_REVOKED,CONSENT_REVOKED,CONSENT_REVOKED,CONSENT_REVOKED,CONSENT_REVOKED,CONSENT_REVOKED,CONSENT_REVOKED
65669fff9762eb5c24f9745b,5e2878ae4b6c4704c10fe471,TIMED-OUT,2023-11-29T02:20:52.052000Z,,,,2505.0,,301,32,Male,White,United States,United States,United States,English,No,Full-Time
6566a0c369669c583899b834,650470768706a89c6d49b2af,RETURNED,2023-11-29T02:24:08.294000Z,,,,,,331,CONSENT_REVOKED,CONSENT_REVOKED,CONSENT_REVOKED,CONSENT_REVOKED,CONSENT_REVOKED,CONSENT_REVOKED,CONSENT_REVOKED,CONSENT_REVOKED,CONSENT_REVOKED
6566a0f977e0f618f5c9c02d,5f07d4c092ba8742ace3d2de,TIMED-OUT,2023-11-29T02:24:57.764000Z,,,,2260.0,,509,39,Female,White,United States,United States,United States,English,No,DATA_EXPIRED
6566a198fc6f02e8719daab8,555906c9fdf99b06175ee24c,RETURNED,2023-11-29T02:38:00.067000Z,,,,,,1650,CONSENT_REVOKED,CONSENT_REVOKED,CONSENT_REVOKED,CONSENT_REVOKED,CONSENT_REVOKED,CONSENT_REVOKED,CONSENT_REVOKED,CONSENT_REVOKED,CONSENT_REVOKED
6566a1cce08eff75563c10b0,6525ab9f13661dcdfda04572,RETURNED,2023-11-29T02:28:32.580000Z,,,,,,186,CONSENT_REVOKED,CONSENT_REVOKED,CONSENT_REVOKED,CONSENT_REVOKED,CONSENT_REVOKED,CONSENT_REVOKED,CONSENT_REVOKED,CONSENT_REVOKED,CONSENT_REVOKED
